Postcode,State,VEU Regional / Metropolitan,VEU Reticulated Gas,VEU Climatic Region,VEU Climatic Zone,VEU GEMs 2019 Climate Zone,ESS AS/NZS 3823.4 Climate Zone
3000 ,VIC,Metropolitan ,Yes ,Mild ,4 ,COLD,
3001 ,VIC,Metropolitan ,Yes ,Mild ,4 ,COLD,
3002 ,VIC,Metropolitan ,Yes ,Mild ,4 ,COLD,
3003 ,VIC,Metropolitan ,Yes ,Mild ,4 ,COLD,
3004 ,VIC,Metropolitan ,Yes ,Mild ,4 ,COLD,
3006 ,VIC,Metropolitan ,Yes ,Mild ,4 ,COLD,
3008 ,VIC,Metropolitan ,Yes ,Mild ,4 ,COLD,
3010 ,VIC,Metropolitan ,Yes ,Mild ,4 ,COLD,
3011 ,VIC,Metropolitan ,Yes ,Mild ,4 ,COLD,
3012 ,VIC,Metropolitan ,Yes ,Mild ,4 ,COLD,
3013 ,VIC,Metropolitan ,Yes ,Mild ,4 ,COLD,
3015 ,VIC,Metropolitan ,Yes ,Mild ,4 ,COLD,
3016 ,VIC,Metropolitan ,Yes ,Mild ,4 ,COLD,
3018 ,VIC,Metropolitan ,Yes ,Mild ,4 ,COLD,
3019 ,VIC,Metropolitan ,Yes ,Mild ,4 ,COLD,
3020 ,VIC,Metropolitan ,Yes ,Mild ,4 ,COLD,
3021 ,VIC,Metropolitan ,Yes ,Mild ,4 ,COLD,
3022 ,VIC,Metropolitan ,Yes ,Mild ,4 ,COLD,
3023 ,VIC,Metropolitan ,Yes ,Mild ,4 ,COLD,
3024 ,VIC,Metropolitan ,Yes ,Mild ,4 ,COLD,
3025 ,VIC,Metropolitan ,Yes ,Mild ,4 ,COLD,
3026 ,VIC,Metropolitan ,Yes ,Mild ,4 ,COLD,
3027 ,VIC,Metropolitan ,Yes ,Mild ,4 ,COLD,
3028 ,VIC,Metropolitan ,Yes ,Mild ,4 ,COLD,
3029 ,VIC,Metropolitan ,Yes ,Mild ,4 ,COLD,
3030 ,VIC,Metropolitan ,Yes ,Mild ,4 ,COLD,
3031 ,VIC,Metropolitan ,Yes ,Mild ,4 ,COLD,
3032 ,VIC,Metropolitan ,Yes ,Mild ,4 ,COLD,
3033 ,VIC,Metropolitan ,Yes ,Mild ,4 ,COLD,
3034 ,VIC,Metropolitan ,Yes ,Mild ,4 ,COLD,
3036 ,VIC,Metropolitan ,Yes ,Mild ,4 ,COLD,
3037 ,VIC,Metropolitan ,Yes ,Mild ,4 ,COLD,
3038 ,VIC,Metropolitan ,Yes ,Mild ,4 ,COLD,
3039 ,VIC,Metropolitan ,Yes ,Mild ,4 ,COLD,
3040 ,VIC,Metropolitan ,Yes ,Mild ,4 ,COLD,
3041 ,VIC,Metropolitan ,Yes ,Mild ,4 ,COLD,
3042 ,VIC,Metropolitan ,Yes ,Mild ,4 ,COLD,
3043 ,VIC,Metropolitan ,Yes ,Mild ,4 ,COLD,
3044 ,VIC,Metropolitan ,Yes ,Mild ,4 ,COLD,
3045 ,VIC,Metropolitan ,Yes ,Mild ,4 ,COLD,
3046 ,VIC,Metropolitan ,Yes ,Mild ,4 ,COLD,
3047 ,VIC,Metropolitan ,Yes ,Mild ,4 ,COLD,
3048 ,VIC,Metropolitan ,Yes ,Mild ,4 ,COLD,
3049 ,VIC,Metropolitan ,Yes ,Mild ,4 ,COLD,
3050 ,VIC,Metropolitan ,Yes ,Mild ,4 ,COLD,
3051 ,VIC,Metropolitan ,Yes ,Mild ,4 ,COLD,
3052 ,VIC,Metropolitan ,Yes ,Mild ,4 ,COLD,
3053 ,VIC,Metropolitan ,Yes ,Mild ,4 ,COLD,
3054 ,VIC,Metropolitan ,Yes ,Mild ,4 ,COLD,
3055 ,VIC,Metropolitan ,Yes ,Mild ,4 ,COLD,
3056 ,VIC,Metropolitan ,Yes ,Mild ,4 ,COLD,
3057 ,VIC,Metropolitan ,Yes ,Mild ,4 ,COLD,
3058 ,VIC,Metropolitan ,Yes ,Mild ,4 ,COLD,
3059 ,VIC,Metropolitan ,Yes ,Mild ,4 ,COLD,
3060 ,VIC,Metropolitan ,Yes ,Mild ,4 ,COLD,
3061 ,VIC,Metropolitan ,Yes ,Mild ,4 ,COLD,
3062 ,VIC,Metropolitan ,Yes ,Mild ,4 ,COLD,
3063 ,VIC,Metropolitan ,Yes ,Mild ,4 ,COLD,
3064 ,VIC,Metropolitan ,Yes ,Mild ,4 ,COLD,
3065 ,VIC,Metropolitan ,Yes ,Mild ,4 ,COLD,
3066 ,VIC,Metropolitan ,Yes ,Mild ,4 ,COLD,
3067 ,VIC,Metropolitan ,Yes ,Mild ,4 ,COLD,
3068 ,VIC,Metropolitan ,Yes ,Mild ,4 ,COLD,
3070 ,VIC,Metropolitan ,Yes ,Mild ,4 ,COLD,
3071 ,VIC,Metropolitan ,Yes ,Mild ,4 ,COLD,
3072 ,VIC,Metropolitan ,Yes ,Mild ,4 ,COLD,
3073 ,VIC,Metropolitan ,Yes ,Mild ,4 ,COLD,
3074 ,VIC,Metropolitan ,Yes ,Mild ,4 ,COLD,
3075 ,VIC,Metropolitan ,Yes ,Mild ,4 ,COLD,
3076 ,VIC,Metropolitan ,Yes ,Mild ,4 ,COLD,
3078 ,VIC,Metropolitan ,Yes ,Mild ,4 ,COLD,
3079 ,VIC,Metropolitan ,Yes ,Mild ,4 ,COLD,
3081 ,VIC,Metropolitan ,Yes ,Mild ,4 ,COLD,
3082 ,VIC,Metropolitan ,Yes ,Mild ,4 ,COLD,
3083 ,VIC,Metropolitan ,Yes ,Mild ,4 ,COLD,
3084 ,VIC,Metropolitan ,Yes ,Mild ,4 ,COLD,
3085 ,VIC,Metropolitan ,Yes ,Mild ,4 ,COLD,
3086 ,VIC,Metropolitan ,Yes ,Mild ,4 ,COLD,
3087 ,VIC,Metropolitan ,Yes ,Mild ,4 ,COLD,
3088 ,VIC,Metropolitan ,Yes ,Mild ,4 ,COLD,
3089 ,VIC,Metropolitan ,Yes ,Mild ,4 ,COLD,
3090 ,VIC,Metropolitan ,Yes ,Mild ,4 ,COLD,
3091 ,VIC,Metropolitan ,Yes ,Mild ,4 ,COLD,
3093 ,VIC,Metropolitan ,Yes ,Mild ,4 ,COLD,
3094 ,VIC,Metropolitan ,Yes ,Mild ,4 ,COLD,
3095 ,VIC,Metropolitan ,Yes ,Mild ,4 ,COLD,
3096 ,VIC,Metropolitan ,Yes ,Mild ,4 ,COLD,
3097 ,VIC,Metropolitan ,Yes ,Mild ,4 ,COLD,
3099 ,VIC,Metropolitan ,Yes ,Mild ,4 ,COLD,
3101 ,VIC,Metropolitan ,Yes ,Mild ,4 ,COLD,
3102 ,VIC,Metropolitan ,Yes ,Mild ,4 ,COLD,
3103 ,VIC,Metropolitan ,Yes ,Mild ,4 ,COLD,
3104 ,VIC,Metropolitan ,Yes ,Mild ,4 ,COLD,
3105 ,VIC,Metropolitan ,Yes ,Mild ,4 ,COLD,
3106 ,VIC,Metropolitan ,Yes ,Mild ,4 ,COLD,
3107 ,VIC,Metropolitan ,Yes ,Mild ,4 ,COLD,
3108 ,VIC,Metropolitan ,Yes ,Mild ,4 ,COLD,
3109 ,VIC,Metropolitan ,Yes ,Mild ,4 ,COLD,
3111 ,VIC,Metropolitan ,Yes ,Mild ,4 ,COLD,
3113 ,VIC,Metropolitan ,Yes ,Mild ,4 ,COLD,
3114 ,VIC,Metropolitan ,Yes ,Mild ,4 ,COLD,
3115 ,VIC,Metropolitan ,Yes ,Mild ,4 ,COLD,
3116 ,VIC,Metropolitan ,Yes ,Mild ,4 ,COLD,
3121 ,VIC,Metropolitan ,Yes ,Mild ,4 ,COLD,
3122 ,VIC,Metropolitan ,Yes ,Mild ,4 ,COLD,
3123 ,VIC,Metropolitan ,Yes ,Mild ,4 ,COLD,
3124 ,VIC,Metropolitan ,Yes ,Mild ,4 ,COLD,
3125 ,VIC,Metropolitan ,Yes ,Mild ,4 ,COLD,
3126 ,VIC,Metropolitan ,Yes ,Mild ,4 ,COLD,
3127 ,VIC,Metropolitan ,Yes ,Mild ,4 ,COLD,
3128 ,VIC,Metropolitan ,Yes ,Mild ,4 ,COLD,
3129 ,VIC,Metropolitan ,Yes ,Mild ,4 ,COLD,
3130 ,VIC,Metropolitan ,Yes ,Mild ,4 ,COLD,
3131 ,VIC,Metropolitan ,Yes ,Mild ,4 ,COLD,
3132 ,VIC,Metropolitan ,Yes ,Mild ,4 ,COLD,
3133 ,VIC,Metropolitan ,Yes ,Mild ,4 ,COLD,
3134 ,VIC,Metropolitan ,Yes ,Mild ,4 ,COLD,
3135 ,VIC,Metropolitan ,Yes ,Mild ,4 ,COLD,
3136 ,VIC,Metropolitan ,Yes ,Mild ,4 ,COLD,
3137 ,VIC,Metropolitan ,Yes ,Mild ,4 ,COLD,
3138 ,VIC,Metropolitan ,Yes ,Mild ,4 ,COLD,
3139 ,VIC,Metropolitan ,Yes ,Mild ,5 ,COLD,
3140 ,VIC,Metropolitan ,Yes ,Mild ,5 ,COLD,
3141 ,VIC,Metropolitan ,Yes ,Mild ,4 ,COLD,
3142 ,VIC,Metropolitan ,Yes ,Mild ,4 ,COLD,
3143 ,VIC,Metropolitan ,Yes ,Mild ,4 ,COLD,
3144 ,VIC,Metropolitan ,Yes ,Mild ,4 ,COLD,
3145 ,VIC,Metropolitan ,Yes ,Mild ,4 ,COLD,
3146 ,VIC,Metropolitan ,Yes ,Mild ,4 ,COLD,
3147 ,VIC,Metropolitan ,Yes ,Mild ,4 ,COLD,
3148 ,VIC,Metropolitan ,Yes ,Mild ,4 ,COLD,
3149 ,VIC,Metropolitan ,Yes ,Mild ,4 ,COLD,
3150 ,VIC,Metropolitan ,Yes ,Mild ,4 ,COLD,
3151 ,VIC,Metropolitan ,Yes ,Mild ,4 ,COLD,
3152 ,VIC,Metropolitan ,Yes ,Mild ,4 ,COLD,
3153 ,VIC,Metropolitan ,Yes ,Mild ,4 ,COLD,
3154 ,VIC,Metropolitan ,Yes ,Mild ,4 ,COLD,
3155 ,VIC,Metropolitan ,Yes ,Mild ,4 ,COLD,
3156 ,VIC,Metropolitan ,Yes ,Mild ,4 ,COLD,
3158 ,VIC,Metropolitan ,Yes ,Mild ,5 ,COLD,
3159 ,VIC,Metropolitan ,Yes ,Mild ,4 ,COLD,
3160 ,VIC,Metropolitan ,Yes ,Mild ,5 ,COLD,
3161 ,VIC,Metropolitan ,Yes ,Mild ,4 ,COLD,
3162 ,VIC,Metropolitan ,Yes ,Mild ,4 ,COLD,
3163 ,VIC,Metropolitan ,Yes ,Mild ,4 ,COLD,
3164 ,VIC,Metropolitan ,Yes ,Mild ,4 ,COLD,
3165 ,VIC,Metropolitan ,Yes ,Mild ,4 ,COLD,
3166 ,VIC,Metropolitan ,Yes ,Mild ,4 ,COLD,
3167 ,VIC,Metropolitan ,Yes ,Mild ,4 ,COLD,
3168 ,VIC,Metropolitan ,Yes ,Mild ,4 ,COLD,
3169 ,VIC,Metropolitan ,Yes ,Mild ,4 ,COLD,
3170 ,VIC,Metropolitan ,Yes ,Mild ,4 ,COLD,
3171 ,VIC,Metropolitan ,Yes ,Mild ,4 ,COLD,
3172 ,VIC,Metropolitan ,Yes ,Mild ,4 ,COLD,
3173 ,VIC,Metropolitan ,Yes ,Mild ,4 ,COLD,
3174 ,VIC,Metropolitan ,Yes ,Mild ,4 ,COLD,
3175 ,VIC,Metropolitan ,Yes ,Mild ,4 ,COLD,
3176 ,VIC,Metropolitan ,Yes ,Mild ,4 ,COLD,
3177 ,VIC,Metropolitan ,Yes ,Mild ,4 ,COLD,
3178 ,VIC,Metropolitan ,Yes ,Mild ,4 ,COLD,
3179 ,VIC,Metropolitan ,Yes ,Mild ,4 ,COLD,
3180 ,VIC,Metropolitan ,Yes ,Mild ,4 ,COLD,
3181 ,VIC,Metropolitan ,Yes ,Mild ,4 ,COLD,
3182 ,VIC,Metropolitan ,Yes ,Mild ,4 ,COLD,
3183 ,VIC,Metropolitan ,Yes ,Mild ,4 ,COLD,
3184 ,VIC,Metropolitan ,Yes ,Mild ,4 ,COLD,
3185 ,VIC,Metropolitan ,Yes ,Mild ,4 ,COLD,
3186 ,VIC,Metropolitan ,Yes ,Mild ,4 ,COLD,
3187 ,VIC,Metropolitan ,Yes ,Mild ,4 ,COLD,
3188 ,VIC,Metropolitan ,Yes ,Mild ,4 ,COLD,
3189 ,VIC,Metropolitan ,Yes ,Mild ,4 ,COLD,
3190 ,VIC,Metropolitan ,Yes ,Mild ,4 ,COLD,
3191 ,VIC,Metropolitan ,Yes ,Mild ,4 ,COLD,
3192 ,VIC,Metropolitan ,Yes ,Mild ,4 ,COLD,
3193 ,VIC,Metropolitan ,Yes ,Mild ,4 ,COLD,
3194 ,VIC,Metropolitan ,Yes ,Mild ,4 ,COLD,
3195 ,VIC,Metropolitan ,Yes ,Mild ,4 ,COLD,
3196 ,VIC,Metropolitan ,Yes ,Mild ,4 ,COLD,
3197 ,VIC,Metropolitan ,Yes ,Mild ,4 ,COLD,
3198 ,VIC,Metropolitan ,Yes ,Mild ,4 ,COLD,
3199 ,VIC,Metropolitan ,Yes ,Mild ,4 ,COLD,
3200 ,VIC,Metropolitan ,Yes ,Mild ,4 ,COLD,
3201 ,VIC,Metropolitan ,Yes ,Mild ,4 ,COLD,
3202 ,VIC,Metropolitan ,Yes ,Mild ,4 ,COLD,
3204 ,VIC,Metropolitan ,Yes ,Mild ,4 ,COLD,
3205 ,VIC,Metropolitan ,Yes ,Mild ,4 ,COLD,
3206 ,VIC,Metropolitan ,Yes ,Mild ,4 ,COLD,
3207 ,VIC,Metropolitan ,Yes ,Mild ,4 ,COLD,
3211 ,VIC,Regional ,Yes ,Mild ,4 ,COLD,
3212 ,VIC,Regional ,Yes ,Mild ,4 ,COLD,
3213 ,VIC,Regional ,No ,Mild ,4 ,COLD,
3214 ,VIC,Regional ,Yes ,Mild ,4 ,COLD,
3215 ,VIC,Regional ,Yes ,Mild ,4 ,COLD,
3216 ,VIC,Regional ,Yes ,Mild ,4 ,COLD,
3217 ,VIC,Regional ,Yes ,Mild ,4 ,COLD,
3218 ,VIC,Regional ,Yes ,Mild ,4 ,COLD,
3219 ,VIC,Regional ,Yes ,Mild ,4 ,COLD,
3220 ,VIC,Regional ,Yes ,Mild ,4 ,COLD,
3221 ,VIC,Regional ,Yes ,Mild ,4 ,COLD,
3222 ,VIC,Regional ,Yes ,Mild ,4 ,COLD,
3223 ,VIC,Regional ,Yes ,Mild ,4 ,COLD,
3224 ,VIC,Regional ,Yes ,Mild ,4 ,COLD,
3225 ,VIC,Regional ,Yes ,Mild ,4 ,COLD,
3226 ,VIC,Regional ,Yes ,Mild ,4 ,COLD,
3227 ,VIC,Regional ,Yes ,Mild ,4 ,COLD,
3228 ,VIC,Regional ,Yes ,Mild ,4 ,COLD,
3230 ,VIC,Regional ,Yes ,Mild ,4 ,COLD,
3231 ,VIC,Regional ,Yes ,Mild ,4 ,COLD,
3232 ,VIC,Regional ,No ,Mild ,4 ,COLD,
3233 ,VIC,Regional ,No ,Mild ,4 ,COLD,
3234 ,VIC,Regional ,No ,Mild ,4 ,COLD,
3235 ,VIC,Regional ,No ,Mild ,4 ,COLD,
3236 ,VIC,Regional ,No ,Mild ,4 ,COLD,
3237 ,VIC,Regional ,No ,Mild ,4 ,COLD,
3238 ,VIC,Regional ,No ,Mild ,4 ,COLD,
3239 ,VIC,Regional ,No ,Mild ,4 ,COLD,
3240 ,VIC,Regional ,No ,Mild ,4 ,COLD,
3241 ,VIC,Regional ,No ,Mild ,4 ,COLD,
3242 ,VIC,Regional ,No ,Mild ,4 ,COLD,
3243 ,VIC,Regional ,No ,Mild ,4 ,COLD,
3249 ,VIC,Regional ,Yes ,Mild ,4 ,COLD,
3250 ,VIC,Regional ,Yes ,Mild ,4 ,COLD,
3251 ,VIC,Regional ,Yes ,Mild ,4 ,COLD,
3254 ,VIC,Regional ,No ,Mild ,4 ,COLD,
3260 ,VIC,Regional ,Yes ,Mild ,4 ,COLD,
3264 ,VIC,Regional ,No ,Mild ,4 ,COLD,
3265 ,VIC,Regional ,Yes ,Mild ,4 ,COLD,
3266 ,VIC,Regional ,Yes ,Mild ,4 ,COLD,
3267 ,VIC,Regional ,No ,Mild ,4 ,COLD,
3268 ,VIC,Regional ,No ,Mild ,4 ,COLD,
3269 ,VIC,Regional ,No ,Mild ,4 ,COLD,
3270 ,VIC,Regional ,No ,Mild ,4 ,COLD,
3271 ,VIC,Regional ,No ,Mild ,4 ,COLD,
3272 ,VIC,Regional ,No ,Mild ,4 ,COLD,
3273 ,VIC,Regional ,No ,Mild ,4 ,COLD,
3274 ,VIC,Regional ,No ,Mild ,4 ,COLD,
3275 ,VIC,Regional ,No ,Mild ,4 ,COLD,
3276 ,VIC,Regional ,No ,Mild ,4 ,COLD,
3277 ,VIC,Regional ,Yes ,Mild ,4 ,COLD,
3278 ,VIC,Regional ,No ,Mild ,4 ,COLD,
3279 ,VIC,Regional ,No ,Mild ,4 ,COLD,
3280 ,VIC,Regional ,Yes ,Mild ,4 ,COLD,
3281 ,VIC,Regional ,No ,Mild ,4 ,COLD,
3282 ,VIC,Regional ,Yes ,Mild ,4 ,COLD,
3283 ,VIC,Regional ,No ,Mild ,4 ,COLD,
3284 ,VIC,Regional ,Yes ,Mild ,4 ,COLD,
3285 ,VIC,Regional ,No ,Mild ,4 ,COLD,
3286 ,VIC,Regional ,No ,Mild ,4 ,COLD,
3287 ,VIC,Regional ,No ,Mild ,4 ,COLD,
3289 ,VIC,Regional ,No ,Cold ,5 ,COLD,
3292 ,VIC,Regional ,No ,Mild ,4 ,COLD,
3293 ,VIC,Regional ,No ,Cold ,5 ,COLD,
3294 ,VIC,Regional ,No ,Cold ,5 ,COLD,
3300 ,VIC,Regional ,Yes ,Cold ,5 ,COLD,
3301 ,VIC,Regional ,No ,Mild ,5 ,COLD,
3302 ,VIC,Regional ,No ,Mild ,5 ,COLD,
3303 ,VIC,Regional ,No ,Mild ,4 ,COLD,
3304 ,VIC,Regional ,No ,Mild ,4 ,COLD,
3305 ,VIC,Regional ,Yes ,Mild ,4 ,COLD,
3309 ,VIC,Regional ,No ,Mild ,4 ,COLD,
3310 ,VIC,Regional ,No ,Cold ,4 ,COLD,
3311 ,VIC,Regional ,No ,Cold ,4 ,COLD,
3312 ,VIC,Regional ,No ,Cold ,4 ,COLD,
3314 ,VIC,Regional ,No ,Cold ,5 ,COLD,
3315 ,VIC,Regional ,No ,Cold ,5 ,COLD,
3317 ,VIC,Regional ,No ,Cold ,4 ,COLD,
3318 ,VIC,Regional ,No ,Cold ,4 ,COLD,
3319 ,VIC,Regional ,No ,Cold ,4 ,COLD,
3321 ,VIC,Regional ,No ,Mild ,4 ,COLD,
3322 ,VIC,Regional ,No ,Mild ,4 ,COLD,
3323 ,VIC,Regional ,No ,Cold ,4 ,COLD,
3324 ,VIC,Regional ,No ,Cold ,4 ,COLD,
3325 ,VIC,Regional ,No ,Mild ,4 ,COLD,
3328 ,VIC,Regional ,No ,Mild ,4 ,COLD,
3329 ,VIC,Regional ,No ,Mild ,4 ,COLD,
3330 ,VIC,Regional ,No ,Cold ,4 ,COLD,
3331 ,VIC,Regional ,No ,Mild ,4 ,COLD,
3332 ,VIC,Regional ,No ,Mild ,4 ,COLD,
3333 ,VIC,Regional ,No ,Mild ,4 ,COLD,
3334 ,VIC,Regional ,No ,Cold ,4 ,COLD,
3335 ,VIC,Metropolitan ,Yes ,Mild ,4 ,COLD,
3336 ,VIC,Metropolitan ,Yes ,Mild ,4 ,COLD,
3337 ,VIC,Metropolitan ,Yes ,Mild ,4 ,COLD,
3338 ,VIC,Metropolitan ,Yes ,Mild ,4 ,COLD,
3340 ,VIC,Regional ,Yes ,Mild ,4 ,COLD,
3341 ,VIC,Regional ,No ,Cold ,4 ,COLD,
3342 ,VIC,Regional ,Yes ,Cold ,4 ,COLD,
3345 ,VIC,Regional ,No ,Cold ,4 ,COLD,
3350 ,VIC,Regional ,Yes ,Cold ,5 ,COLD,
3351 ,VIC,Regional ,No ,Cold ,5 ,COLD,
3352 ,VIC,Regional ,Yes ,Cold ,5 ,COLD,
3353 ,VIC,Regional ,No ,Cold ,5 ,COLD,
3354 ,VIC,Regional ,No ,Cold ,5 ,COLD,
3355 ,VIC,Regional ,Yes ,Cold ,5 ,COLD,
3356 ,VIC,Regional ,Yes ,Cold ,5 ,COLD,
3357 ,VIC,Regional ,Yes ,Cold ,5 ,COLD,
3358 ,VIC,Regional ,Yes ,Cold ,4 ,COLD,
3360 ,VIC,Regional ,No ,Cold ,4 ,COLD,
3361 ,VIC,Regional ,No ,Cold ,4 ,COLD,
3363 ,VIC,Regional ,Yes ,Cold ,5 ,COLD,
3364 ,VIC,Regional ,Yes ,Cold ,5 ,COLD,
3370 ,VIC,Regional ,No ,Cold ,5 ,COLD,
3371 ,VIC,Regional ,No ,Cold ,4 ,COLD,
3373 ,VIC,Regional ,No ,Cold ,5 ,COLD,
3374 ,VIC,Regional ,No ,Cold ,4 ,COLD,
3375 ,VIC,Regional ,No ,Cold ,5 ,COLD,
3377 ,VIC,Regional ,Yes ,Cold ,5 ,COLD,
3378 ,VIC,Regional ,No ,Cold ,5 ,COLD,
3379 ,VIC,Regional ,No ,Cold ,5 ,COLD,
3380 ,VIC,Regional ,Yes ,Cold ,4 ,COLD,
3381 ,VIC,Regional ,No ,Cold ,5 ,COLD,
3384 ,VIC,Regional ,No ,Cold ,4 ,COLD,
3385 ,VIC,Regional ,No ,Cold ,4 ,COLD,
3387 ,VIC,Regional ,No ,Cold ,4 ,COLD,
3388 ,VIC,Regional ,No ,Cold ,4 ,COLD,
3390 ,VIC,Regional ,No ,Cold ,4 ,COLD,
3391 ,VIC,Regional ,No ,Cold ,4 ,COLD,
3392 ,VIC,Regional ,No ,Cold ,4 ,COLD,
3393 ,VIC,Regional ,No ,Cold ,4 ,COLD,
3395 ,VIC,Regional ,No ,Cold ,4 ,COLD,
3396 ,VIC,Regional ,No ,Cold ,4 ,COLD,
3400 ,VIC,Regional ,Yes ,Cold ,4 ,COLD,
3401 ,VIC,Regional ,Yes ,Cold ,4 ,COLD,
3402 ,VIC,Regional ,Yes ,Cold ,4 ,COLD,
3407 ,VIC,Regional ,No ,Cold ,5 ,COLD,
3409 ,VIC,Regional ,No ,Cold ,4 ,COLD,
3412 ,VIC,Regional ,No ,Cold ,4 ,COLD,
3413 ,VIC,Regional ,No ,Cold ,4 ,COLD,
3414 ,VIC,Regional ,No ,Cold ,4 ,COLD,
3415 ,VIC,Regional ,No ,Cold ,4 ,COLD,
3418 ,VIC,Regional ,No ,Cold ,4 ,COLD,
3419 ,VIC,Regional ,No ,Cold ,4 ,COLD,
3420 ,VIC,Regional ,No ,Cold ,4 ,COLD,
3423 ,VIC,Regional ,No ,Cold ,4 ,COLD,
3424 ,VIC,Regional ,No ,Cold ,4 ,COLD,
3427 ,VIC,Metropolitan ,Yes ,Mild ,4 ,COLD,
3428 ,VIC,Metropolitan ,Yes ,Mild ,4 ,COLD,
3429 ,VIC,Metropolitan ,Yes ,Mild ,4 ,COLD,
3430 ,VIC,Metropolitan ,No ,Mild ,5 ,COLD,
3431 ,VIC,Metropolitan ,Yes ,Cold ,5 ,COLD,
3432 ,VIC,Metropolitan ,No ,Cold ,5 ,COLD,
3433 ,VIC,Metropolitan ,No ,Cold ,5 ,COLD,
3434 ,VIC,Metropolitan ,Yes ,Cold ,5 ,COLD,
3435 ,VIC,Regional ,Yes ,Cold ,5 ,COLD,
3437 ,VIC,Regional ,Yes ,Cold ,5 ,COLD,
3438 ,VIC,Metropolitan ,Yes ,Cold ,5 ,COLD,
3440 ,VIC,Regional ,Yes ,Cold ,4 ,COLD,
3441 ,VIC,Metropolitan ,Yes ,Cold ,4 ,COLD,
3442 ,VIC,Regional ,Yes ,Cold ,4 ,COLD,
3444 ,VIC,Regional ,Yes ,Cold ,4 ,COLD,
3446 ,VIC,Regional ,No ,Cold ,4 ,COLD,
3447 ,VIC,Regional ,No ,Cold ,4 ,COLD,
3448 ,VIC,Regional ,No ,Cold ,4 ,COLD,
3450 ,VIC,Regional ,Yes ,Cold ,5 ,COLD,
3451 ,VIC,Regional ,Yes ,Cold ,5 ,COLD,
3453 ,VIC,Regional ,No ,Cold ,5 ,COLD,
3458 ,VIC,Regional ,No ,Cold ,5 ,COLD,
3460 ,VIC,Regional ,Yes ,Cold ,5 ,COLD,
3461 ,VIC,Regional ,Yes ,Cold ,5 ,COLD,
3462 ,VIC,Regional ,No ,Cold ,5 ,COLD,
3463 ,VIC,Regional ,No ,Cold ,5 ,COLD,
3464 ,VIC,Regional ,Yes ,Cold ,4 ,COLD,
3465 ,VIC,Regional ,Yes ,Cold ,4 ,COLD,
3467 ,VIC,Regional ,No ,Cold ,5 ,COLD,
3468 ,VIC,Regional ,No ,Cold ,5 ,COLD,
3469 ,VIC,Regional ,No ,Cold ,5 ,COLD,
3472 ,VIC,Regional ,No ,Cold ,4 ,COLD,
3475 ,VIC,Regional ,No ,Cold ,4 ,COLD,
3477 ,VIC,Regional ,No ,Cold ,4 ,COLD,
3478 ,VIC,Regional ,No ,Cold ,4 ,COLD,
3480 ,VIC,Regional ,No ,Cold ,4 ,COLD,
3482 ,VIC,Regional ,No ,Cold ,4 ,COLD,
3483 ,VIC,Regional ,No ,Cold ,4 ,COLD,
3485 ,VIC,Regional ,No ,Cold ,4 ,COLD,
3487 ,VIC,Regional ,No ,Hot ,4 ,MIXED,
3488 ,VIC,Regional ,No ,Hot ,4 ,MIXED,
3489 ,VIC,Regional ,No ,Hot ,4 ,MIXED,
3490 ,VIC,Regional ,No ,Hot ,4 ,MIXED,
3491 ,VIC,Regional ,No ,Hot ,4 ,MIXED,
3494 ,VIC,Regional ,Yes ,Hot ,4 ,MIXED,
3496 ,VIC,Regional ,Yes ,Hot ,4 ,MIXED,
3498 ,VIC,Regional ,Yes ,Hot ,4 ,MIXED,
3500 ,VIC,Regional ,Yes ,Hot ,4 ,MIXED,
3501 ,VIC,Regional ,Yes ,Hot ,4 ,MIXED,
3502 ,VIC,Regional ,Yes ,Hot ,4 ,MIXED,
3505 ,VIC,Regional ,Yes ,Hot ,4 ,MIXED,
3506 ,VIC,Regional ,No ,Hot ,4 ,MIXED,
3507 ,VIC,Regional ,No ,Hot ,4 ,MIXED,
3509 ,VIC,Regional ,No ,Hot ,4 ,MIXED,
3512 ,VIC,Regional ,No ,Hot ,4 ,MIXED,
3515 ,VIC,Regional ,No ,Cold ,4 ,COLD,
3516 ,VIC,Regional ,No ,Cold ,4 ,COLD,
3517 ,VIC,Regional ,No ,Cold ,4 ,COLD,
3518 ,VIC,Regional ,No ,Cold ,4 ,COLD,
3520 ,VIC,Regional ,No ,Cold ,4 ,COLD,
3521 ,VIC,Regional ,No ,Cold ,4 ,COLD,
3522 ,VIC,Regional ,No ,Cold ,4 ,COLD,
3523 ,VIC,Regional ,No ,Cold ,4 ,COLD,
3525 ,VIC,Regional ,No ,Cold ,4 ,COLD,
3527 ,VIC,Regional ,No ,Cold ,4 ,COLD,
3529 ,VIC,Regional ,No ,Hot ,4 ,MIXED,
3530 ,VIC,Regional ,No ,Hot ,4 ,MIXED,
3531 ,VIC,Regional ,No ,Hot ,4 ,MIXED,
3533 ,VIC,Regional ,No ,Hot ,4 ,MIXED,
3537 ,VIC,Regional ,No ,Hot ,4 ,MIXED,
3540 ,VIC,Regional ,No ,Hot ,4 ,MIXED,
3542 ,VIC,Regional ,No ,Hot ,4 ,MIXED,
3544 ,VIC,Regional ,No ,Hot ,4 ,MIXED,
3546 ,VIC,Regional ,No ,Hot ,4 ,MIXED,
3549 ,VIC,Regional ,No ,Hot ,4 ,MIXED,
3550 ,VIC,Regional ,Yes ,Cold ,4 ,COLD,
3551 ,VIC,Regional ,Yes ,Cold ,4 ,COLD,
3552 ,VIC,Regional ,No ,Cold ,4 ,COLD,
3554 ,VIC,Regional ,No ,Cold ,4 ,COLD,
3555 ,VIC,Regional ,Yes ,Cold ,4 ,COLD,
3556 ,VIC,Regional ,Yes ,Cold ,4 ,COLD,
3557 ,VIC,Regional ,No ,Cold ,4 ,COLD,
3558 ,VIC,Regional ,No ,Cold ,4 ,COLD,
3559 ,VIC,Regional ,No ,Cold ,4 ,COLD,
3561 ,VIC,Regional ,Yes ,Cold ,4 ,COLD,
3562 ,VIC,Regional ,No ,Cold ,4 ,COLD,
3563 ,VIC,Regional ,Yes ,Cold ,4 ,COLD,
3564 ,VIC,Regional ,Yes ,Cold ,4 ,COLD,
3565 ,VIC,Regional ,No ,Cold ,4 ,COLD,
3566 ,VIC,Regional ,Yes ,Hot ,4 ,MIXED,
3567 ,VIC,Regional ,No ,Hot ,4 ,MIXED,
3568 ,VIC,Regional ,No ,Hot ,4 ,MIXED,
3570 ,VIC,Regional ,No ,Cold ,4 ,COLD,
3571 ,VIC,Regional ,No ,Cold ,4 ,COLD,
3572 ,VIC,Regional ,No ,Cold ,4 ,COLD,
3573 ,VIC,Regional ,No ,Cold ,4 ,COLD,
3575 ,VIC,Regional ,No ,Hot ,4 ,MIXED,
3576 ,VIC,Regional ,No ,Hot ,4 ,MIXED,
3579 ,VIC,Regional ,No ,Hot ,4 ,MIXED,
3580 ,VIC,Regional ,No ,Hot ,4 ,MIXED,
3581 ,VIC,Regional ,No ,Hot ,4 ,MIXED,
3583 ,VIC,Regional ,No ,Hot ,4 ,MIXED,
3584 ,VIC,Regional ,No ,Hot ,4 ,MIXED,
3585 ,VIC,Regional ,No ,Hot ,4 ,MIXED,
3586 ,VIC,Regional ,No ,Hot ,4 ,MIXED,
3588 ,VIC,Regional ,No ,Hot ,4 ,MIXED,
3589 ,VIC,Regional ,No ,Hot ,4 ,MIXED,
3590 ,VIC,Regional ,No ,Hot ,4 ,MIXED,
3591 ,VIC,Regional ,No ,Hot ,4 ,MIXED,
3594 ,VIC,Regional ,No ,Hot ,4 ,MIXED,
3595 ,VIC,Regional ,No ,Hot ,4 ,MIXED,
3596 ,VIC,Regional ,No ,Hot ,4 ,MIXED,
3597 ,VIC,Regional ,No ,Hot ,4 ,MIXED,
3599 ,VIC,Regional ,No ,Hot ,4 ,MIXED,
3607 ,VIC,Regional ,No ,Cold ,4 ,COLD,
3608 ,VIC,Regional ,No ,Cold ,4 ,COLD,
3610 ,VIC,Regional ,Yes ,Cold ,4 ,COLD,
3612 ,VIC,Regional ,No ,Cold ,4 ,COLD,
3614 ,VIC,Regional ,No ,Cold ,4 ,COLD,
3616 ,VIC,Regional ,Yes ,Cold ,4 ,COLD,
3617 ,VIC,Regional ,No ,Cold ,4 ,COLD,
3618 ,VIC,Regional ,Yes ,Cold ,4 ,COLD,
3619 ,VIC,Regional ,No ,Cold ,4 ,COLD,
3620 ,VIC,Regional ,Yes ,Cold ,4 ,COLD,
3621 ,VIC,Regional ,Yes ,Cold ,4 ,COLD,
3622 ,VIC,Regional ,No ,Cold ,4 ,COLD,
3623 ,VIC,Regional ,Yes ,Cold ,4 ,COLD,
3624 ,VIC,Regional ,Yes ,Cold ,4 ,COLD,
3629 ,VIC,Regional ,Yes ,Cold ,4 ,COLD,
3630 ,VIC,Regional ,Yes ,Cold ,4 ,COLD,
3631 ,VIC,Regional ,Yes ,Cold ,4 ,COLD,
3632 ,VIC,Regional ,No ,Cold ,4 ,COLD,
3633 ,VIC,Regional ,No ,Cold ,4 ,COLD,
3634 ,VIC,Regional ,No ,Cold ,4 ,COLD,
3635 ,VIC,Regional ,No ,Cold ,4 ,COLD,
3636 ,VIC,Regional ,Yes ,Cold ,4 ,COLD,
3637 ,VIC,Regional ,No ,Cold ,4 ,COLD,
3638 ,VIC,Regional ,No ,Cold ,4 ,COLD,
3639 ,VIC,Regional ,No ,Cold ,4 ,COLD,
3640 ,VIC,Regional ,Yes ,Cold ,4 ,COLD,
3641 ,VIC,Regional ,Yes ,Cold ,4 ,COLD,
3643 ,VIC,Regional ,Yes ,Cold ,4 ,COLD,
3644 ,VIC,Regional ,Yes ,Cold ,4 ,COLD,
3646 ,VIC,Regional ,No ,Cold ,4 ,COLD,
3647 ,VIC,Regional ,No ,Cold ,4 ,COLD,
3649 ,VIC,Regional ,No ,Cold ,4 ,COLD,
3658 ,VIC,Regional ,Yes ,Cold ,4 ,COLD,
3659 ,VIC,Regional ,Yes ,Cold ,4 ,COLD,
3660 ,VIC,Regional ,Yes ,Cold ,4 ,COLD,
3661 ,VIC,Regional ,No ,Cold ,4 ,COLD,
3662 ,VIC,Regional ,No ,Cold ,4 ,COLD,
3663 ,VIC,Regional ,No ,Cold ,4 ,COLD,
3664 ,VIC,Regional ,No ,Cold ,4 ,COLD,
3665 ,VIC,Regional ,No ,Cold ,4 ,COLD,
3666 ,VIC,Regional ,Yes ,Cold ,4 ,COLD,
3669 ,VIC,Regional ,No ,Cold ,4 ,COLD,
3670 ,VIC,Regional ,No ,Cold ,4 ,COLD,
3671 ,VIC,Regional ,No ,Cold ,4 ,COLD,
3672 ,VIC,Regional ,Yes ,Cold ,4 ,COLD,
3673 ,VIC,Regional ,No ,Cold ,4 ,COLD,
3675 ,VIC,Regional ,No ,Cold ,5 ,COLD,
3676 ,VIC,Regional ,No ,Cold ,5 ,COLD,
3677 ,VIC,Regional ,Yes ,Cold ,5 ,COLD,
3678 ,VIC,Regional ,Yes ,Cold ,5 ,COLD,
3682 ,VIC,Regional ,No ,Cold ,4 ,COLD,
3683 ,VIC,Regional ,Yes ,Cold ,4 ,COLD,
3685 ,VIC,Regional ,Yes ,Cold ,4 ,COLD,
3687 ,VIC,Regional ,Yes ,Cold ,4 ,COLD,
3688 ,VIC,Regional ,No ,Cold ,4 ,COLD,
3689 ,VIC,Regional ,No ,Cold ,4 ,COLD,
3690 ,VIC,Regional ,Yes ,Cold ,4 ,COLD,
3691 ,VIC,Regional ,Yes ,Cold ,4 ,COLD,
3694 ,VIC,Regional ,Yes ,Cold ,4 ,COLD,
3695 ,VIC,Regional ,No ,Cold ,4 ,COLD,
3697 ,VIC,Regional ,No ,Cold ,5 ,COLD,
3698 ,VIC,Regional ,No ,Cold ,5 ,COLD,
3699 ,VIC,Regional ,No ,Cold ,5 ,COLD,
3700 ,VIC,Regional ,No ,Cold ,5 ,COLD,
3701 ,VIC,Regional ,No ,Cold ,5 ,COLD,
3704 ,VIC,Regional ,No ,Cold ,5 ,COLD,
3705 ,VIC,Regional ,No ,Cold ,5 ,COLD,
3707 ,VIC,Regional ,No ,Cold ,5 ,COLD,
3708 ,VIC,Regional ,No ,Cold ,5 ,COLD,
3709 ,VIC,Regional ,No ,Cold ,5 ,COLD,
3711 ,VIC,Regional ,No ,Cold ,5 ,COLD,
3712 ,VIC,Regional ,No ,Cold ,5 ,COLD,
3713 ,VIC,Regional ,No ,Cold ,5 ,COLD,
3714 ,VIC,Regional ,No ,Cold ,5 ,COLD,
3715 ,VIC,Regional ,No ,Cold ,5 ,COLD,
3717 ,VIC,Regional ,No ,Cold ,5 ,COLD,
3718 ,VIC,Regional ,No ,Cold ,5 ,COLD,
3719 ,VIC,Regional ,No ,Cold ,5 ,COLD,
3720 ,VIC,Regional ,No ,Cold ,5 ,COLD,
3722 ,VIC,Regional ,No ,Cold ,5 ,COLD,
3723 ,VIC,Regional ,No ,Cold ,5 ,COLD,
3724 ,VIC,Regional ,No ,Cold ,5 ,COLD,
3725 ,VIC,Regional ,No ,Cold ,4 ,COLD,
3726 ,VIC,Regional ,No ,Cold ,4 ,COLD,
3727 ,VIC,Regional ,No ,Cold ,4 ,COLD,
3728 ,VIC,Regional ,No ,Cold ,4 ,COLD,
3730 ,VIC,Regional ,Yes ,Cold ,4 ,COLD,
3732 ,VIC,Regional ,No ,Cold ,5 ,COLD,
3733 ,VIC,Regional ,No ,Cold ,5 ,COLD,
3735 ,VIC,Regional ,No ,Cold ,5 ,COLD,
3736 ,VIC,Regional ,No ,Cold ,5 ,COLD,
3737 ,VIC,Regional ,No ,Cold ,5 ,COLD,
3738 ,VIC,Regional ,No ,Cold ,5 ,COLD,
3739 ,VIC,Regional ,No ,Cold ,5 ,COLD,
3740 ,VIC,Regional ,No ,Cold ,5 ,COLD,
3741 ,VIC,Regional ,No ,Cold ,5 ,COLD,
3744 ,VIC,Regional ,No ,Cold ,5 ,COLD,
3746 ,VIC,Regional ,No ,Cold ,5 ,COLD,
3747 ,VIC,Regional ,No ,Cold ,4 ,COLD,
3749 ,VIC,Regional ,No ,Cold ,4 ,COLD,
3750 ,VIC,Metropolitan ,Yes ,Mild ,4 ,COLD,
3751 ,VIC,Metropolitan ,Yes ,Mild ,4 ,COLD,
3752 ,VIC,Metropolitan ,Yes ,Mild ,4 ,COLD,
3753 ,VIC,Metropolitan ,Yes ,Mild ,4 ,COLD,
3754 ,VIC,Metropolitan ,Yes ,Mild ,4 ,COLD,
3755 ,VIC,Metropolitan ,Yes ,Mild ,4 ,COLD,
3756 ,VIC,Metropolitan ,Yes ,Mild ,4 ,COLD,
3757 ,VIC,Metropolitan ,Yes ,Mild ,4 ,COLD,
3758 ,VIC,Metropolitan ,No ,Mild ,4 ,COLD,
3759 ,VIC,Metropolitan ,Yes ,Mild ,4 ,COLD,
3760 ,VIC,Metropolitan ,Yes ,Mild ,4 ,COLD,
3761 ,VIC,Metropolitan ,Yes ,Mild ,4 ,COLD,
3762 ,VIC,Metropolitan ,No ,Cold ,4 ,COLD,
3763 ,VIC,Metropolitan ,Yes ,Cold ,4 ,COLD,
3764 ,VIC,Regional ,Yes ,Cold ,4 ,COLD,
3765 ,VIC,Metropolitan ,Yes ,Mild ,4 ,COLD,
3766 ,VIC,Metropolitan ,Yes ,Cold ,4 ,COLD,
3767 ,VIC,Metropolitan ,Yes ,Cold ,4 ,COLD,
3770 ,VIC,Metropolitan ,Yes ,Cold ,5 ,COLD,
3775 ,VIC,Metropolitan ,Yes ,Cold ,5 ,COLD,
3777 ,VIC,Metropolitan ,Yes ,Cold ,5 ,COLD,
3778 ,VIC,Regional ,No ,Cold ,5 ,COLD,
3779 ,VIC,Regional ,No ,Cold ,5 ,COLD,
3781 ,VIC,Metropolitan ,Yes ,Mild ,4 ,COLD,
3782 ,VIC,Metropolitan ,Yes ,Mild ,4 ,COLD,
3783 ,VIC,Metropolitan ,Yes ,Mild ,4 ,COLD,
3785 ,VIC,Metropolitan ,Yes ,Cold ,4 ,COLD,
3786 ,VIC,Metropolitan ,Yes ,Cold ,4 ,COLD,
3787 ,VIC,Metropolitan ,Yes ,Cold ,4 ,COLD,
3788 ,VIC,Metropolitan ,Yes ,Cold ,4 ,COLD,
3789 ,VIC,Metropolitan ,Yes ,Cold ,4 ,COLD,
3791 ,VIC,Metropolitan ,Yes ,Mild ,4 ,COLD,
3792 ,VIC,Metropolitan ,Yes ,Cold ,4 ,COLD,
3793 ,VIC,Metropolitan ,Yes ,Cold ,4 ,COLD,
3795 ,VIC,Metropolitan ,Yes ,Cold ,4 ,COLD,
3796 ,VIC,Metropolitan ,Yes ,Cold ,4 ,COLD,
3797 ,VIC,Metropolitan ,Yes ,Mild ,4 ,COLD,
3799 ,VIC,Regional ,Yes ,Cold ,4 ,COLD,
3800 ,VIC,Metropolitan ,Yes ,Mild ,4 ,COLD,
3802 ,VIC,Metropolitan ,Yes ,Mild ,4 ,COLD,
3803 ,VIC,Metropolitan ,Yes ,Mild ,4 ,COLD,
3804 ,VIC,Metropolitan ,Yes ,Mild ,4 ,COLD,
3805 ,VIC,Metropolitan ,Yes ,Mild ,4 ,COLD,
3806 ,VIC,Metropolitan ,Yes ,Mild ,4 ,COLD,
3807 ,VIC,Metropolitan ,Yes ,Mild ,4 ,COLD,
3808 ,VIC,Metropolitan ,Yes ,Mild ,4 ,COLD,
3809 ,VIC,Metropolitan ,Yes ,Mild ,4 ,COLD,
3810 ,VIC,Metropolitan ,Yes ,Mild ,4 ,COLD,
3812 ,VIC,Metropolitan ,Yes ,Mild ,4 ,COLD,
3813 ,VIC,Metropolitan ,Yes ,Mild ,4 ,COLD,
3814 ,VIC,Metropolitan ,Yes ,Mild ,4 ,COLD,
3815 ,VIC,Metropolitan ,Yes ,Mild ,4 ,COLD,
3816 ,VIC,Regional ,Yes ,Mild ,5 ,COLD,
3818 ,VIC,Regional ,Yes ,Mild ,5 ,COLD,
3820 ,VIC,Regional ,Yes ,Mild ,5 ,COLD,
3821 ,VIC,Regional ,No ,Mild ,5 ,COLD,
3822 ,VIC,Regional ,Yes ,Mild ,5 ,COLD,
3823 ,VIC,Regional ,Yes ,Mild ,5 ,COLD,
3824 ,VIC,Regional ,Yes ,Mild ,5 ,COLD,
3825 ,VIC,Regional ,Yes ,Mild ,5 ,COLD,
3831 ,VIC,Regional ,No ,Mild ,5 ,COLD,
3832 ,VIC,Regional ,No ,Mild ,5 ,COLD,
3833 ,VIC,Regional ,No ,Cold ,5 ,COLD,
3835 ,VIC,Regional ,No ,Mild ,5 ,COLD,
3840 ,VIC,Regional ,Yes ,Mild ,4 ,COLD,
3841 ,VIC,Regional ,No ,Mild ,4 ,COLD,
3842 ,VIC,Regional ,Yes ,Mild ,4 ,COLD,
3844 ,VIC,Regional ,Yes ,Mild ,4 ,COLD,
3847 ,VIC,Regional ,Yes ,Mild ,4 ,COLD,
3850 ,VIC,Regional ,Yes ,Mild ,4 ,COLD,
3851 ,VIC,Regional ,Yes ,Mild ,4 ,COLD,
3852 ,VIC,Regional ,Yes ,Mild ,4 ,COLD,
3853 ,VIC,Regional ,Yes ,Mild ,4 ,COLD,
3854 ,VIC,Regional ,No ,Mild ,4 ,COLD,
3856 ,VIC,Regional ,No ,Mild ,4 ,COLD,
3857 ,VIC,Regional ,No ,Mild ,4 ,COLD,
3858 ,VIC,Regional ,No ,Mild ,5 ,COLD,
3859 ,VIC,Regional ,No ,Mild ,4 ,COLD,
3860 ,VIC,Regional ,Yes ,Cold ,4 ,COLD,
3862 ,VIC,Regional ,No ,Cold ,5 ,COLD,
3864 ,VIC,Regional ,No ,Cold ,4 ,COLD,
3865 ,VIC,Regional ,No ,Mild ,4 ,COLD,
3869 ,VIC,Regional ,No ,Mild ,4 ,COLD,
3870 ,VIC,Regional ,No ,Mild ,4 ,COLD,
3871 ,VIC,Regional ,No ,Mild ,4 ,COLD,
3873 ,VIC,Regional ,No ,Mild ,4 ,COLD,
3874 ,VIC,Regional ,No ,Mild ,4 ,COLD,
3875 ,VIC,Regional ,Yes ,Mild ,4 ,COLD,
3878 ,VIC,Regional ,Yes ,Mild ,4 ,COLD,
3880 ,VIC,Regional ,Yes ,Mild ,4 ,COLD,
3882 ,VIC,Regional ,No ,Mild ,4 ,COLD,
3885 ,VIC,Regional ,No ,Mild ,5 ,COLD,
3886 ,VIC,Regional ,No ,Mild ,4 ,COLD,
3887 ,VIC,Regional ,No ,Mild ,4 ,COLD,
3888 ,VIC,Regional ,No ,Mild ,4 ,COLD,
3889 ,VIC,Regional ,No ,Cold ,4 ,COLD,
3890 ,VIC,Regional ,No ,Mild ,4 ,COLD,
3891 ,VIC,Regional ,No ,Mild ,4 ,COLD,
3892 ,VIC,Regional ,No ,Mild ,4 ,COLD,
3893 ,VIC,Regional ,No ,Cold ,5 ,COLD,
3895 ,VIC,Regional ,No ,Cold ,5 ,COLD,
3896 ,VIC,Regional ,No ,Cold ,5 ,COLD,
3898 ,VIC,Regional ,No ,Cold ,5 ,COLD,
3900 ,VIC,Regional ,No ,Cold ,5 ,COLD,
3902 ,VIC,Regional ,No ,Mild ,4 ,COLD,
3903 ,VIC,Regional ,No ,Mild ,4 ,COLD,
3904 ,VIC,Regional ,No ,Mild ,4 ,COLD,
3909 ,VIC,Regional ,No ,Mild ,4 ,COLD,
3910 ,VIC,Metropolitan ,Yes ,Mild ,4 ,COLD,
3911 ,VIC,Metropolitan ,Yes ,Mild ,4 ,COLD,
3912 ,VIC,Metropolitan ,Yes ,Mild ,4 ,COLD,
3913 ,VIC,Metropolitan ,Yes ,Mild ,4 ,COLD,
3915 ,VIC,Metropolitan ,Yes ,Mild ,4 ,COLD,
3916 ,VIC,Metropolitan ,Yes ,Mild ,4 ,COLD,
3918 ,VIC,Metropolitan ,Yes ,Mild ,4 ,COLD,
3919 ,VIC,Metropolitan ,Yes ,Mild ,4 ,COLD,
3920 ,VIC,Metropolitan ,Yes ,Mild ,4 ,COLD,
3921 ,VIC,Regional ,Yes ,Mild ,4 ,COLD,
3922 ,VIC,Regional ,No ,Mild ,4 ,COLD,
3923 ,VIC,Regional ,No ,Mild ,4 ,COLD,
3925 ,VIC,Regional ,No ,Mild ,4 ,COLD,
3926 ,VIC,Metropolitan ,Yes ,Mild ,4 ,COLD,
3927 ,VIC,Metropolitan ,Yes ,Mild ,4 ,COLD,
3928 ,VIC,Metropolitan ,Yes ,Mild ,4 ,COLD,
3929 ,VIC,Metropolitan ,Yes ,Mild ,4 ,COLD,
3930 ,VIC,Metropolitan ,Yes ,Mild ,4 ,COLD,
3931 ,VIC,Metropolitan ,Yes ,Mild ,4 ,COLD,
3933 ,VIC,Metropolitan ,Yes ,Mild ,4 ,COLD,
3934 ,VIC,Metropolitan ,Yes ,Mild ,4 ,COLD,
3936 ,VIC,Metropolitan ,Yes ,Mild ,4 ,COLD,
3937 ,VIC,Metropolitan ,Yes ,Mild ,4 ,COLD,
3938 ,VIC,Metropolitan ,Yes ,Mild ,4 ,COLD,
3939 ,VIC,Metropolitan ,Yes ,Mild ,4 ,COLD,
3940 ,VIC,Metropolitan ,Yes ,Mild ,4 ,COLD,
3941 ,VIC,Metropolitan ,Yes ,Mild ,4 ,COLD,
3942 ,VIC,Metropolitan ,Yes ,Mild ,4 ,COLD,
3943 ,VIC,Metropolitan ,Yes ,Mild ,4 ,COLD,
3944 ,VIC,Metropolitan ,Yes ,Mild ,4 ,COLD,
3945 ,VIC,Regional ,No ,Mild ,4 ,COLD,
3946 ,VIC,Regional ,No ,Cold ,4 ,COLD,
3950 ,VIC,Regional ,Yes ,Mild ,4 ,COLD,
3951 ,VIC,Regional ,No ,Mild ,4 ,COLD,
3953 ,VIC,Regional ,Yes ,Mild ,4 ,COLD,
3954 ,VIC,Regional ,No ,Mild ,4 ,COLD,
3956 ,VIC,Regional ,No ,Mild ,4 ,COLD,
3957 ,VIC,Regional ,No ,Mild ,4 ,COLD,
3958 ,VIC,Regional ,No ,Cold ,4 ,COLD,
3959 ,VIC,Regional ,No ,Mild ,4 ,COLD,
3960 ,VIC,Regional ,No ,Mild ,4 ,COLD,
3962 ,VIC,Regional ,No ,Mild ,4 ,COLD,
3964 ,VIC,Regional ,No ,Cold ,4 ,COLD,
3965 ,VIC,Regional ,No ,Mild ,4 ,COLD,
3966 ,VIC,Regional ,No ,Cold ,4 ,COLD,
3967 ,VIC,Regional ,No ,Cold ,4 ,COLD,
3971 ,VIC,Regional ,No ,Cold ,4 ,COLD,
3975 ,VIC,Metropolitan ,Yes ,Mild ,4 ,COLD,
3976 ,VIC,Metropolitan ,Yes ,Mild ,4 ,COLD,
3977 ,VIC,Metropolitan ,Yes ,Mild ,4 ,COLD,
3978 ,VIC,Metropolitan ,Yes ,Mild ,4 ,COLD,
3979 ,VIC,Regional ,No ,Mild ,4 ,COLD,
3980 ,VIC,Metropolitan ,Yes ,Cold ,4 ,COLD,
3981 ,VIC,Regional ,Yes ,Cold ,4 ,COLD,
3984 ,VIC,Regional ,Yes ,Mild ,4 ,COLD,
3987 ,VIC,Regional ,Yes ,Mild ,4 ,COLD,
3988 ,VIC,Regional ,No ,Cold ,4 ,COLD,
3990 ,VIC,Regional ,No ,Mild ,4 ,COLD,
3991 ,VIC,Regional ,No ,Mild ,4 ,COLD,
3992 ,VIC,Regional ,No ,Mild ,4 ,COLD,
3995 ,VIC,Regional ,Yes ,Mild ,4 ,COLD,
3996 ,VIC,Regional ,Yes ,Mild ,4 ,COLD,
3997 ,VIC,Regional ,Yes ,Mild ,4 ,COLD,
3998 ,VIC,Regional ,Yes ,Mild ,4 ,COLD,
3999 ,VIC,Regional ,Yes ,Mild ,4 ,COLD,
1639,NSW,,,,,,Average
2000,NSW,,,,,,Average 
2006,NSW,,,,,,Average 
2007,NSW,,,,,,Average 
2008,NSW,,,,,,Average 
2009,NSW,,,,,,Average 
2010,NSW,,,,,,Average 
2011,NSW,,,,,,Average 
2015,NSW,,,,,,Average 
2016,NSW,,,,,,Average 
2017,NSW,,,,,,Average 
2018,NSW,,,,,,Average 
2019,NSW,,,,,,Average 
2020,NSW,,,,,,Average 
2021,NSW,,,,,,Average 
2022,NSW,,,,,,Average 
2023,NSW,,,,,,Average 
2024,NSW,,,,,,Average 
2025,NSW,,,,,,Average 
2026,NSW,,,,,,Average 
2027,NSW,,,,,,Average 
2028,NSW,,,,,,Average 
2029,NSW,,,,,,Average 
2030,NSW,,,,,,Average 
2031,NSW,,,,,,Average 
2032,NSW,,,,,,Average 
2033,NSW,,,,,,Average 
2034,NSW,,,,,,Average 
2035,NSW,,,,,,Average 
2036,NSW,,,,,,Average 
2037,NSW,,,,,,Average 
2038,NSW,,,,,,Average 
2039,NSW,,,,,,Average 
2040,NSW,,,,,,Average 
2041,NSW,,,,,,Average 
2042,NSW,,,,,,Average 
2043,NSW,,,,,,Average 
2044,NSW,,,,,,Average 
2045,NSW,,,,,,Average 
2046,NSW,,,,,,Average 
2047,NSW,,,,,,Average 
2048,NSW,,,,,,Average 
2049,NSW,,,,,,Average 
2050,NSW,,,,,,Average 
2052,NSW,,,,,,Average 
2060,NSW,,,,,,Average 
2061,NSW,,,,,,Average 
2062,NSW,,,,,,Average 
2063,NSW,,,,,,Average 
2064,NSW,,,,,,Average 
2065,NSW,,,,,,Average 
2066,NSW,,,,,,Average 
2067,NSW,,,,,,Average 
2068,NSW,,,,,,Average 
2069,NSW,,,,,,Average 
2070,NSW,,,,,,Average 
2071,NSW,,,,,,Average 
2072,NSW,,,,,,Average 
2073,NSW,,,,,,Average 
2074,NSW,,,,,,Average 
2075,NSW,,,,,,Average 
2076,NSW,,,,,,Average 
2077,NSW,,,,,,Average 
2079,NSW,,,,,,Average
2080,NSW,,,,,,Average
2081,NSW,,,,,,Average
2082,NSW,,,,,,Average
2083,NSW,,,,,,Average
2084,NSW,,,,,,Average
2085,NSW,,,,,,Average
2086,NSW,,,,,,Average
2087,NSW,,,,,,Average
2088,NSW,,,,,,Average
2089,NSW,,,,,,Average
2090,NSW,,,,,,Average
2092,NSW,,,,,,Average 
2093,NSW,,,,,,Average 
2094,NSW,,,,,,Average 
2095,NSW,,,,,,Average 
2096,NSW,,,,,,Average 
2097,NSW,,,,,,Average 
2099,NSW,,,,,,Average 
2100,NSW,,,,,,Average 
2101,NSW,,,,,,Average 
2102,NSW,,,,,,Average 
2103,NSW,,,,,,Average 
2104,NSW,,,,,,Average 
2105,NSW,,,,,,Average 
2106,NSW,,,,,,Average 
2107,NSW,,,,,,Average 
2108,NSW,,,,,,Average 
2109,NSW,,,,,,Average 
2110,NSW,,,,,,Average 
2111,NSW,,,,,,Average 
2112,NSW,,,,,,Average 
2113,NSW,,,,,,Average 
2114,NSW,,,,,,Average 
2115,NSW,,,,,,Average 
2116,NSW,,,,,,Average 
2117,NSW,,,,,,Average 
2118,NSW,,,,,,Average 
2119,NSW,,,,,,Average 
2120,NSW,,,,,,Average 
2121,NSW,,,,,,Average 
2122,NSW,,,,,,Average 
2123,NSW,,,,,,Average 
2125,NSW,,,,,,Average 
2126,NSW,,,,,,Average 
2127,NSW,,,,,,Average 
2128,NSW,,,,,,Average 
2130,NSW,,,,,,Average 
2131,NSW,,,,,,Average 
2132,NSW,,,,,,Average 
2133,NSW,,,,,,Average 
2134,NSW,,,,,,Average 
2135,NSW,,,,,,Average 
2136,NSW,,,,,,Average 
2137,NSW,,,,,,Average 
2138,NSW,,,,,,Average 
2139,NSW,,,,,,Average 
2140,NSW,,,,,,Average 
2141,NSW,,,,,,Average 
2142,NSW,,,,,,Average 
2143,NSW,,,,,,Average 
2144,NSW,,,,,,Average 
2145,NSW,,,,,,Average 
2146,NSW,,,,,,Average 
2147,NSW,,,,,,Average 
2148,NSW,,,,,,Average 
2150,NSW,,,,,,Average 
2151,NSW,,,,,,Average 
2152,NSW,,,,,,Average 
2153,NSW,,,,,,Average 
2154,NSW,,,,,,Average 
2155,NSW,,,,,,Average 
2156,NSW,,,,,,Average 
2157,NSW,,,,,,Average 
2158,NSW,,,,,,Average 
2159,NSW,,,,,,Average 
2160,NSW,,,,,,Average 
2161,NSW,,,,,,Average 
2162,NSW,,,,,,Average 
2163,NSW,,,,,,Average 
2164,NSW,,,,,,Average 
2165,NSW,,,,,,Average 
2166,NSW,,,,,,Average 
2167,NSW,,,,,,Average 
2168,NSW,,,,,,Average 
2170,NSW,,,,,,Average
2171,NSW,,,,,,Average
2172,NSW,,,,,,Average
2173,NSW,,,,,,Average
2174,NSW,,,,,,Average
2175,NSW,,,,,,Average
2176,NSW,,,,,,Average
2177,NSW,,,,,,Average
2178,NSW,,,,,,Average
2179,NSW,,,,,,Average
2190,NSW,,,,,,Average 
2191,NSW,,,,,,Average 
2192,NSW,,,,,,Average 
2193,NSW,,,,,,Average 
2194,NSW,,,,,,Average 
2195,NSW,,,,,,Average 
2196,NSW,,,,,,Average 
2197,NSW,,,,,,Average 
2198,NSW,,,,,,Average 
2199,NSW,,,,,,Average 
2200,NSW,,,,,,Average 
2203,NSW,,,,,,Average 
2204,NSW,,,,,,Average 
2205,NSW,,,,,,Average 
2206,NSW,,,,,,Average 
2207,NSW,,,,,,Average 
2208,NSW,,,,,,Average 
2209,NSW,,,,,,Average 
2210,NSW,,,,,,Average 
2211,NSW,,,,,,Average 
2212,NSW,,,,,,Average 
2213,NSW,,,,,,Average 
2214,NSW,,,,,,Average 
2216,NSW,,,,,,Average 
2217,NSW,,,,,,Average 
2218,NSW,,,,,,Average 
2219,NSW,,,,,,Average 
2220,NSW,,,,,,Average 
2221,NSW,,,,,,Average 
2222,NSW,,,,,,Average 
2223,NSW,,,,,,Average 
2224,NSW,,,,,,Average 
2225,NSW,,,,,,Average 
2226,NSW,,,,,,Average 
2227,NSW,,,,,,Average 
2228,NSW,,,,,,Average 
2229,NSW,,,,,,Average 
2230,NSW,,,,,,Average 
2231,NSW,,,,,,Average 
2232,NSW,,,,,,Average 
2233,NSW,,,,,,Average 
2234,NSW,,,,,,Average 
2250,NSW,,,,,,Average 
2251,NSW,,,,,,Average 
2256,NSW,,,,,,Average 
2257,NSW,,,,,,Average 
2258,NSW,,,,,,Average 
2259,NSW,,,,,,Average 
2260,NSW,,,,,,Average 
2261,NSW,,,,,,Average 
2262,NSW,,,,,,Average 
2263,NSW,,,,,,Average 
2264,NSW,,,,,,Average 
2265,NSW,,,,,,Average 
2267,NSW,,,,,,Average 
2278,NSW,,,,,,Average 
2280,NSW,,,,,,Average 
2281,NSW,,,,,,Average 
2282,NSW,,,,,,Average 
2283,NSW,,,,,,Average 
2284,NSW,,,,,,Average 
2285,NSW,,,,,,Average 
2286,NSW,,,,,,Average 
2287,NSW,,,,,,Average 
2289,NSW,,,,,,Average 
2290,NSW,,,,,,Average 
2291,NSW,,,,,,Average 
2292,NSW,,,,,,Average 
2293,NSW,,,,,,Average 
2294,NSW,,,,,,Average 
2295,NSW,,,,,,Average 
2296,NSW,,,,,,Average 
2297,NSW,,,,,,Average 
2298,NSW,,,,,,Average 
2299,NSW,,,,,,Average 
2300,NSW,,,,,,Average 
2302,NSW,,,,,,Average 
2303,NSW,,,,,,Average 
2304,NSW,,,,,,Average 
2305,NSW,,,,,,Average 
2306,NSW,,,,,,Average 
2307,NSW,,,,,,Average 
2308,NSW,,,,,,Average 
2309,NSW,,,,,,Average 
2311,NSW,,,,,,Average
2312,NSW,,,,,,Average
2314,NSW,,,,,,Average 
2315,NSW,,,,,,Average 
2316,NSW,,,,,,Average 
2317,NSW,,,,,,Average 
2318,NSW,,,,,,Average 
2319,NSW,,,,,,Average 
2320,NSW,,,,,,Average 
2321,NSW,,,,,,Average 
2322,NSW,,,,,,Average 
2323,NSW,,,,,,Average 
2324,NSW,,,,,,Average 
2325,NSW,,,,,,Average 
2326,NSW,,,,,,Average 
2327,NSW,,,,,,Average 
2328,NSW,,,,,,Cold
2329,NSW,,,,,,Cold
2330,NSW,,,,,,Average
2331,NSW,,,,,,Average
2333,NSW,,,,,,Cold
2334,NSW,,,,,,Average
2335,NSW,,,,,,Average
2336,NSW,,,,,,Cold
2337,NSW,,,,,,Cold
2338,NSW,,,,,,Cold
2339,NSW,,,,,,Cold
2340,NSW,,,,,,Cold
2341,NSW,,,,,,Cold
2342,NSW,,,,,,Cold
2343,NSW,,,,,,Cold
2344,NSW,,,,,,Cold
2345,NSW,,,,,,Cold
2346,NSW,,,,,,Cold
2347,NSW,,,,,,Cold
2350,NSW,,,,,,Cold
2351,NSW,,,,,,Cold
2352,NSW,,,,,,Cold
2353,NSW,,,,,,Cold
2354,NSW,,,,,,Cold
2355,NSW,,,,,,Cold
2356,NSW,,,,,,Cold
2357,NSW,,,,,,Cold
2358,NSW,,,,,,Cold
2359,NSW,,,,,,Cold
2360,NSW,,,,,,Cold
2361,NSW,,,,,,Cold
2365,NSW,,,,,,Cold
2369,NSW,,,,,,Cold
2370,NSW,,,,,,Cold
2371,NSW,,,,,,Cold
2372,NSW,,,,,,Cold
2379,NSW,,,,,,Cold
2380,NSW,,,,,,Cold
2381,NSW,,,,,,Cold
2382,NSW,,,,,,Cold
2386,NSW,,,,,,Average
2387,NSW,,,,,,Average
2388,NSW,,,,,,Average
2390,NSW,,,,,,Average
2395,NSW,,,,,,Cold 
2396,NSW,,,,,,Cold 
2397,NSW,,,,,,Average
2398,NSW,,,,,,Average
2399,NSW,,,,,,Average
2400,NSW,,,,,,Average
2401,NSW,,,,,,Average
2402,NSW,,,,,,Average
2403,NSW,,,,,,Cold
2404,NSW,,,,,,Cold
2405,NSW,,,,,,Average
2406,NSW,,,,,,Average
2408,NSW,,,,,,Average
2409,NSW,,,,,,Average
2410,NSW,,,,,,Average
2411,NSW,,,,,,Average
2415,NSW,,,,,,Average
2420,NSW,,,,,,Average
2421,NSW,,,,,,Average
2422,NSW,,,,,,Average
2423,NSW,,,,,,Average
2424,NSW,,,,,,Average
2425,NSW,,,,,,Average
2426,NSW,,,,,,Average
2427,NSW,,,,,,Average
2428,NSW,,,,,,Average
2429,NSW,,,,,,Average
2430,NSW,,,,,,Average
2431,NSW,,,,,,Average
2439,NSW,,,,,,Average
2440,NSW,,,,,,Average
2441,NSW,,,,,,Average
2443,NSW,,,,,,Average
2444,NSW,,,,,,Average
2445,NSW,,,,,,Average
2446,NSW,,,,,,Average
2447,NSW,,,,,,Average
2448,NSW,,,,,,Average
2449,NSW,,,,,,Average
2450,NSW,,,,,,Average
2452,NSW,,,,,,Average
2453,NSW,,,,,,Cold
2454,NSW,,,,,,Average
2455,NSW,,,,,,Average
2456,NSW,,,,,,Average
2460,NSW,,,,,,Average
2462,NSW,,,,,,Average
2463,NSW,,,,,,Average
2464,NSW,,,,,,Average
2465,NSW,,,,,,Average
2466,NSW,,,,,,Average
2469,NSW,,,,,,Average
2470,NSW,,,,,,Average
2471,NSW,,,,,,Average
2472,NSW,,,,,,Average
2473,NSW,,,,,,Average
2474,NSW,,,,,,Average
2475,NSW,,,,,,Cold 
2476,NSW,,,,,,Cold 
2477,NSW,,,,,,Hot
2478,NSW,,,,,,Hot
2479,NSW,,,,,,Hot
2480,NSW,,,,,,Average
2481,NSW,,,,,,Hot
2482,NSW,,,,,,Hot
2483,NSW,,,,,,Hot
2484,NSW,,,,,,Hot
2485,NSW,,,,,,Hot
2486,NSW,,,,,,Hot
2487,NSW,,,,,,Hot
2488,NSW,,,,,,Hot
2489,NSW,,,,,,Hot
2490,NSW,,,,,,Hot
2500,NSW,,,,,,Average
2502,NSW,,,,,,Average
2505,NSW,,,,,,Average
2506,NSW,,,,,,Average
2508,NSW,,,,,,Average
2515,NSW,,,,,,Average
2516,NSW,,,,,,Average
2517,NSW,,,,,,Average
2518,NSW,,,,,,Average
2519,NSW,,,,,,Average
2522,NSW,,,,,,Average
2525,NSW,,,,,,Average
2526,NSW,,,,,,Average
2527,NSW,,,,,,Cold 
2528,NSW,,,,,,Average
2529,NSW,,,,,,Average
2530,NSW,,,,,,Average
2533,NSW,,,,,,Cold
2534,NSW,,,,,,Cold
2535,NSW,,,,,,Cold
2536,NSW,,,,,,Cold
2537,NSW,,,,,,Cold
2538,NSW,,,,,,Cold
2539,NSW,,,,,,Cold
2540,NSW,,,,,,Cold
2541,NSW,,,,,,Cold
2545,NSW,,,,,,Cold
2546,NSW,,,,,,Cold
2548,NSW,,,,,,Cold 
2549,NSW,,,,,,Cold 
2550,NSW,,,,,,Cold 
2551,NSW,,,,,,Cold 
2555,NSW,,,,,,Average
2556,NSW,,,,,,Average
2557,NSW,,,,,,Average
2558,NSW,,,,,,Average
2559,NSW,,,,,,Average
2560,NSW,,,,,,Average
2563,NSW,,,,,,Average 
2564,NSW,,,,,,Average 
2565,NSW,,,,,,Average 
2566,NSW,,,,,,Average 
2567,NSW,,,,,,Average 
2568,NSW,,,,,,Average 
2569,NSW,,,,,,Average 
2570,NSW,,,,,,Average 
2571,NSW,,,,,,Average 
2572,NSW,,,,,,Average 
2573,NSW,,,,,,Average 
2574,NSW,,,,,,Average 
2575,NSW,,,,,,Cold
2576,NSW,,,,,,Cold
2577,NSW,,,,,,Cold
2578,NSW,,,,,,Cold
2579,NSW,,,,,,Cold
2580,NSW,,,,,,Cold
2581,NSW,,,,,,Cold
2582,NSW,,,,,,Cold
2583,NSW,,,,,,Cold
2584,NSW,,,,,,Cold
2585,NSW,,,,,,Cold
2586,NSW,,,,,,Cold
2587,NSW,,,,,,Cold
2588,NSW,,,,,,Cold
2590,NSW,,,,,,Cold
2594,NSW,,,,,,Cold
2600,NSW,,,,,,Cold
2601,NSW,,,,,,Cold
2602,NSW,,,,,,Cold
2603,NSW,,,,,,Cold
2604,NSW,,,,,,Cold
2605,NSW,,,,,,Cold
2606,NSW,,,,,,Cold
2607,NSW,,,,,,Cold
2609,NSW,,,,,,Cold
2611,NSW,,,,,,Cold
2612,NSW,,,,,,Cold
2614,NSW,,,,,,Cold
2615,NSW,,,,,,Cold
2617,NSW,,,,,,Cold
2618,NSW,,,,,,Cold
2619,NSW,,,,,,Cold
2620,NSW,,,,,,Cold
2621,NSW,,,,,,Cold
2622,NSW,,,,,,Cold
2623,NSW,,,,,,Cold
2624,NSW,,,,,,Cold
2625,NSW,,,,,,Cold
2626,NSW,,,,,,Cold
2627,NSW,,,,,,Cold
2628,NSW,,,,,,Cold
2629,NSW,,,,,,Cold
2630,NSW,,,,,,Cold
2631,NSW,,,,,,Cold
2632,NSW,,,,,,Cold
2633,NSW,,,,,,Cold
2640,NSW,,,,,,Cold
2641,NSW,,,,,,Cold
2642,NSW,,,,,,Cold
2643,NSW,,,,,,Cold
2644,NSW,,,,,,Cold
2645,NSW,,,,,,Cold
2646,NSW,,,,,,Cold
2647,NSW,,,,,,Cold
2648,NSW,,,,,,Average
2649,NSW,,,,,,Cold 
2650,NSW,,,,,,Cold 
2651,NSW,,,,,,Cold 
2652,NSW,,,,,,Cold 
2653,NSW,,,,,,Cold 
2655,NSW,,,,,,Cold
2656,NSW,,,,,,Cold
2658,NSW,,,,,,Cold
2659,NSW,,,,,,Cold
2660,NSW,,,,,,Cold
2661,NSW,,,,,,Cold
2663,NSW,,,,,,Cold
2665,NSW,,,,,,Cold
2666,NSW,,,,,,Cold
2668,NSW,,,,,,Cold
2669,NSW,,,,,,Average 
2671,NSW,,,,,,Cold 
2672,NSW,,,,,,Average 
2675,NSW,,,,,,Average
2680,NSW,,,,,,Average 
2681,NSW,,,,,,Average 
2700,NSW,,,,,,Average
2701,NSW,,,,,,Cold 
2702,NSW,,,,,,Cold 
2703,NSW,,,,,,Average
2705,NSW,,,,,,Average
2706,NSW,,,,,,Average
2707,NSW,,,,,,Average
2710,NSW,,,,,,Average
2711,NSW,,,,,,Average
2712,NSW,,,,,,Cold 
2713,NSW,,,,,,Average
2714,NSW,,,,,,Average
2715,NSW,,,,,,Average
2716,NSW,,,,,,Average
2717,NSW,,,,,,Average
2720,NSW,,,,,,Cold 
2721,NSW,,,,,,Cold 
2722,NSW,,,,,,Cold 
2725,NSW,,,,,,Cold 
2726,NSW,,,,,,Cold 
2727,NSW,,,,,,Cold 
2729,NSW,,,,,,Cold 
2730,NSW,,,,,,Cold 
2730,NSW,,,,,,Average
2731,NSW,,,,,,Average
2732,NSW,,,,,,Average
2733,NSW,,,,,,Average
2734,NSW,,,,,,Average
2735,NSW,,,,,,Average
2736,NSW,,,,,,Average
2737,NSW,,,,,,Average
2738,NSW,,,,,,Average
2739,NSW,,,,,,Average
2745,NSW,,,,,,Average
2747,NSW,,,,,,Average
2748,NSW,,,,,,Average
2749,NSW,,,,,,Average
2750,NSW,,,,,,Average
2752,NSW,,,,,,Average
2753,NSW,,,,,,Average
2754,NSW,,,,,,Average
2755,NSW,,,,,,Average
2756,NSW,,,,,,Average
2757,NSW,,,,,,Average
2758,NSW,,,,,,Average
2759,NSW,,,,,,Average
2760,NSW,,,,,,Average
2761,NSW,,,,,,Average
2762,NSW,,,,,,Average
2763,NSW,,,,,,Average
2765,NSW,,,,,,Average
2766,NSW,,,,,,Average
2767,NSW,,,,,,Average
2768,NSW,,,,,,Average
2769,NSW,,,,,,Average
2770,NSW,,,,,,Average
2773,NSW,,,,,,Average
2774,NSW,,,,,,Average
2775,NSW,,,,,,Average
2776,NSW,,,,,,Cold 
2777,NSW,,,,,,Average
2778,NSW,,,,,,Cold 
2779,NSW,,,,,,Cold 
2780,NSW,,,,,,Cold 
2782,NSW,,,,,,Cold 
2783,NSW,,,,,,Cold 
2784,NSW,,,,,,Cold 
2785,NSW,,,,,,Cold 
2786,NSW,,,,,,Cold 
2787,NSW,,,,,,Cold 
2790,NSW,,,,,,Cold 
2791,NSW,,,,,,Cold 
2792,NSW,,,,,,Cold 
2793,NSW,,,,,,Cold 
2794,NSW,,,,,,Cold 
2795,NSW,,,,,,Cold 
2797,NSW,,,,,,Cold 
2798,NSW,,,,,,Cold 
2799,NSW,,,,,,Cold 
2800,NSW,,,,,,Cold 
2803,NSW,,,,,,Cold 
2804,NSW,,,,,,Cold 
2805,NSW,,,,,,Cold 
2806,NSW,,,,,,Cold 
2807,NSW,,,,,,Cold 
2808,NSW,,,,,,Cold 
2809,NSW,,,,,,Cold 
2810,NSW,,,,,,Cold 
2820,NSW,,,,,,Cold 
2821,NSW,,,,,,Cold 
2823,NSW,,,,,,Cold
2824,NSW,,,,,,Cold
2825,NSW,,,,,,Cold
2827,NSW,,,,,,Cold 
2828,NSW,,,,,,Cold 
2829,NSW,,,,,,Cold 
2830,NSW,,,,,,Cold 
2831,NSW,,,,,,Average
2832,NSW,,,,,,Average
2833,NSW,,,,,,Average
2834,NSW,,,,,,Average
2385,NSW,,,,,,Average
2386,NSW,,,,,,Average
2839,NSW,,,,,,Average
2840,NSW,,,,,,Average
2842,NSW,,,,,,Cold 
2843,NSW,,,,,,Cold 
2844,NSW,,,,,,Cold 
2845,NSW,,,,,,Cold 
2846,NSW,,,,,,Cold 
2847,NSW,,,,,,Cold 
2848,NSW,,,,,,Cold 
2849,NSW,,,,,,Cold 
2850,NSW,,,,,,Cold 
2852,NSW,,,,,,Cold 
2864,NSW,,,,,,Cold 
2865,NSW,,,,,,Cold 
2866,NSW,,,,,,Cold 
2867,NSW,,,,,,Cold 
2868,NSW,,,,,,Cold 
2869,NSW,,,,,,Cold 
2870,NSW,,,,,,Cold 
2871,NSW,,,,,,Cold 
2873,NSW,,,,,,Cold 
2874,NSW,,,,,,Cold 
2875,NSW,,,,,,Cold 
2876,NSW,,,,,,Cold 
2877,NSW,,,,,,Average
2878,NSW,,,,,,Average
2879,NSW,,,,,,Average
2880,NSW,,,,,,Average
2898,NSW,,,,,,Average
2899,NSW,,,,,,Average
3500,NSW,,,,,,Average
3585,NSW,,,,,,Average
3586,NSW,,,,,,Average
3644,NSW,,,,,,Cold 
3707,NSW,,,,,,Cold
