Product Category No.,Brand,Model,Product Type,Product Configuration,Product Unit Mount,GEMS Class,Heating Capacity (kW),Cooling Capacity (kW),AEER,ACOP,GEMS HSPF Cold (com),GEMS HSPF Mixed (com),GEMS HSPF Cold (res),GEMS HSPF Mixed (res),GEMS TCSPF Cold (com),GEMS TCSPF Mixed (com),GEMS TCSPF Cold (res),GEMS TCSPF Mixed (res),Calculated HSPF Cold (com),Calculated HSPF Mixed (com),Calculated HSPF Cold (res),Calculated HSPF Mixed (res),Calculated TCSPF Cold (com),Calculated TCSPF Mixed (com),Calculated TCSPF Cold (res),Calculated TCSPF Mixed (res),Refrigerant Type (GWP),Status,Application Date,Effective From,Effective To
6E(i),Braemar,WCHV50D1T/WSHV50D1T,Non-Ducted,Single split system,Wall Hung,Class 9,5.5,5.2,3.793,3.871,4.1,4.591,3.801,4.368,7.772,7.05,5.198,5.132,0.0,0.0,0.0,0.0,0.0,0.0,0.0,0.0,R-32,Pending Assessment,29/09/2023,,
6E(ii),Braemar,WCHV70D1T/WSHV70D1T,Non-Ducted,Single split system,Wall Hung,Class 9,7.1,7.1,3.696,3.755,4.044,4.538,3.723,4.29,6.628,6.165,5.125,4.965,0.0,0.0,0.0,0.0,0.0,0.0,0.0,0.0,R-32,Pending Assessment,29/09/2023,,
6E(ii),Braemar,WCHV85D1T/WSHV85D1T,Non-Ducted,Single split system,Wall Hung,Class 9,9.0,8.5,3.667,3.374,4.118,4.761,3.698,4.334,23.095,10.97,5.966,5.668,0.0,0.0,0.0,0.0,0.0,0.0,0.0,0.0,R-32,Pending Assessment,29/09/2023,,
6D,Carrier,38QHG020N8/42QHG020N8-1,Non-Ducted,Single split system,Wall Hung,Class 8,2.2,2.0,4.416,4.753,4.521,4.802,4.398,4.762,13.235,10.274,6.962,6.657,0.0,0.0,0.0,0.0,0.0,0.0,0.0,0.0,R-32,Approved,,31/05/2023,
6D,Carrier,38QHG026N8/42QHG026N8-1,Non-Ducted,Single split system,Wall Hung,Class 8,2.75,2.65,4.976,5.163,5.209,5.598,4.927,5.353,16.745,11.876,8.031,7.581,0.0,0.0,0.0,0.0,0.0,0.0,0.0,0.0,R-32,Approved,,31/05/2023,
6D,Carrier,38QHG035N8/42QHG035N8-1,Non-Ducted,Single split system,Wall Hung,Class 8,3.75,3.5,4.416,4.504,4.831,5.487,4.319,4.976,15.021,10.626,6.981,6.689,0.0,0.0,0.0,0.0,0.0,0.0,0.0,0.0,R-32,Approved,,31/05/2023,
6E(ii),Carrier,38QHG070N8-1/42QHG070N8-1,Non-Ducted,Single split system,Wall Hung,Class 9,7.6,7.0,3.497,3.666,4.096,4.519,3.754,4.221,7.789,6.732,5.471,5.162,0.0,0.0,0.0,0.0,0.0,0.0,0.0,0.0,R-32,Approved,,31/05/2023,
6E(ii),Carrier,38QHG080N8-1/42QHG080N8-1,Non-Ducted,Single split system,Wall Hung,Class 9,8.2,8.0,3.399,3.56,4.021,4.494,3.636,4.149,7.676,6.599,5.27,4.998,0.0,0.0,0.0,0.0,0.0,0.0,0.0,0.0,R-32,Approved,,31/05/2023,
6B(i),Carrier,38QSH170D8S/42QSH170D8S,Ducted,Single split system,Floor/Ceiling,Class 11,17.0,16.2,3.209,3.779,4.14,4.708,3.71,4.303,3.596,12.313,5.371,5.085,0.0,0.0,0.0,0.0,0.0,0.0,0.0,0.0,R-32,Approved,,31/05/2023,
6E(ii),Carrier,38QUM080D8S4,Non-Ducted,Multiple split - fixed head,Wall Hung,Class 19,8.3,8.1,3.759,4.246,4.355,4.794,4.069,4.593,22.485,10.881,5.594,5.466,0.0,0.0,0.0,0.0,0.0,0.0,0.0,0.0,R-32,Pending Assessment,21/09/2023,,
6D,Comfee,CASG-XG20/CASN-XG20,Non-Ducted,Single split system,Wall Hung,Class 8,2.2,2.0,4.629,4.762,4.742,5.015,4.556,4.874,13.711,10.498,7.3,6.931,0.0,0.0,0.0,0.0,0.0,0.0,0.0,0.0,R-32,Pending Assessment,24/10/2023,,
6D,Comfee,CASG-XG25/CASN-XG25,Non-Ducted,Single split system,Wall Hung,Class 8,2.8,2.7,4.561,4.651,4.604,5.042,4.307,4.808,12.667,9.986,7.051,6.738,0.0,0.0,0.0,0.0,0.0,0.0,0.0,0.0,R-32,Pending Assessment,24/10/2023,,
6D,Comfee,CASG-XG35/CASN-XG35,Non-Ducted,Single split system,Wall Hung,Class 8,3.75,3.5,4.416,4.504,5.061,5.752,4.511,5.208,15.297,10.732,7.07,6.763,0.0,0.0,0.0,0.0,0.0,0.0,0.0,0.0,R-32,Pending Assessment,24/10/2023,,
6E(ii),Comfee,CASG-XG70/CASN-XG70,Non-Ducted,Single split system,Wall Hung,Class 9,7.9,7.0,3.639,3.963,4.16,4.622,3.815,4.331,7.503,6.532,5.341,5.095,0.0,0.0,0.0,0.0,0.0,0.0,0.0,0.0,R-32,Pending Assessment,24/10/2023,,
6E(ii),Comfee,CASG-XG80/CASN-XG80,Non-Ducted,Single split system,Wall Hung,Class 9,8.2,7.9,3.585,3.591,4.061,4.55,3.663,4.189,8.323,7.039,5.492,5.229,0.0,0.0,0.0,0.0,0.0,0.0,0.0,0.0,R-32,Pending Assessment,24/10/2023,,
6E(i),Daikin,RXF46WVMA / FTXF46WVMA,Non-Ducted,Single split system,Wall Hung,Class 9,4.7,4.6,3.575,3.74,4.116,4.558,3.817,4.316,6.387,5.815,5.043,4.813,0.0,0.0,0.0,0.0,0.0,0.0,0.0,0.0,R-32,Approved,,31/05/2023,
6D,Daikin,RXJ25TVMA / FTXJ25TVMAK,Non-Ducted,Single split system,Wall Hung,Class 8,3.2,2.5,5.033,4.799,4.501,4.762,4.402,4.704,6.48,6.171,5.467,5.426,0.0,0.0,0.0,0.0,0.0,0.0,0.0,0.0,R-32,Approved,,31/05/2023,
6D,Daikin,RXJ25TVMA / FTXJ25TVMAW,Non-Ducted,Single split system,Wall Hung,Class 8,3.2,2.5,5.033,4.799,4.501,4.762,4.402,4.704,6.48,6.171,5.467,5.426,0.0,0.0,0.0,0.0,0.0,0.0,0.0,0.0,R-32,Approved,,31/05/2023,
6D,Daikin,RXM20WVMA / FTXM20WVMA,Non-Ducted,Single split system,Wall Hung,Class 8,2.7,2.2,5.254,5.36,4.862,5.168,4.764,5.125,13.121,10.35,7.393,7.145,0.0,0.0,0.0,0.0,0.0,0.0,0.0,0.0,R-32,Approved,,31/05/2023,
6D,Daikin,RXM25WVMA / FTXM25WVMA,Non-Ducted,Single split system,Wall Hung,Class 8,3.2,2.5,5.334,4.971,4.894,5.254,4.706,5.119,12.85,10.36,7.545,7.292,0.0,0.0,0.0,0.0,0.0,0.0,0.0,0.0,R-32,Approved,,31/05/2023,
6D,Daikin,RXM35WVMA / FTXM35WVMA,Non-Ducted,Single split system,Wall Hung,Class 8,3.7,3.5,4.355,4.864,4.731,5.174,4.501,5.023,11.818,9.532,6.963,6.606,0.0,0.0,0.0,0.0,0.0,0.0,0.0,0.0,R-32,Approved,,31/05/2023,
6E(i),Daikin,RXM46WVMA / FTXM46WVMA,Non-Ducted,Single split system,Wall Hung,Class 9,4.7,4.6,3.936,4.503,4.817,5.268,4.522,5.03,8.832,7.498,6.055,5.71,0.0,0.0,0.0,0.0,0.0,0.0,0.0,0.0,R-32,Approved,,31/05/2023,
6E(i),Daikin,RXM50WVMA / FTXM50WVMA,Non-Ducted,Single split system,Wall Hung,Class 9,6.0,5.0,4.41,4.863,4.924,5.482,4.602,5.252,10.282,8.688,6.991,6.558,0.0,0.0,0.0,0.0,0.0,0.0,0.0,0.0,R-32,Approved,,31/05/2023,
6E(i),Daikin,RXM60WVMA / FTXM60WVMA,Non-Ducted,Single split system,Wall Hung,Class 9,7.2,6.0,4.044,4.462,4.589,5.143,4.257,4.9,9.185,7.905,6.553,6.109,0.0,0.0,0.0,0.0,0.0,0.0,0.0,0.0,R-32,Approved,,31/05/2023,
6E(ii),Daikin,RXM71WVMA / FTXM71WVMA,Non-Ducted,Single split system,Wall Hung,Class 9,8.0,7.1,3.493,4.015,4.301,4.769,4.002,4.539,7.559,6.604,5.067,4.872,0.0,0.0,0.0,0.0,0.0,0.0,0.0,0.0,R-32,Approved,,31/05/2023,
6E(i),Daikin,RXS50RV1A / FVXS50RV1A,Non-Ducted,Single split system,Floor Mounted,Class 9,5.8,5.0,3.859,4.012,4.276,4.704,3.997,4.488,6.567,6.104,5.485,5.215,0.0,0.0,0.0,0.0,0.0,0.0,0.0,0.0,R-32,Approved,,31/05/2023,
6D,Daikin,RXV20WVMA / FTXV20WVMA,Non-Ducted,Single split system,Wall Hung,Class 8,2.7,2.0,4.933,5.043,4.349,4.545,4.341,4.573,9.682,8.402,6.51,6.344,0.0,0.0,0.0,0.0,0.0,0.0,0.0,0.0,R-32,Approved,,31/05/2023,
6D,Daikin,RXV25WVMA / FTXV25WVMA,Non-Ducted,Single split system,Wall Hung,Class 8,3.2,2.5,5.046,4.958,4.635,4.921,4.525,4.857,12.979,10.437,7.298,7.065,0.0,0.0,0.0,0.0,0.0,0.0,0.0,0.0,R-32,Approved,,31/05/2023,
6E(i),Daikin,RXV46WVMA / FTXV46WVMA,Non-Ducted,Single split system,Wall Hung,Class 9,4.7,4.6,3.814,4.211,4.236,4.569,4.044,4.429,7.528,6.674,5.605,5.322,0.0,0.0,0.0,0.0,0.0,0.0,0.0,0.0,R-32,Approved,,31/05/2023,
6E(i),Daikin,RXV50WVMA / FTXV50WVMA,Non-Ducted,Single split system,Wall Hung,Class 9,6.0,5.0,4.363,4.594,4.423,4.859,4.194,4.715,9.846,8.439,6.808,6.411,0.0,0.0,0.0,0.0,0.0,0.0,0.0,0.0,R-32,Approved,,31/05/2023,
6E(i),Daikin,RXV60WVMA / FTXV60WVMA,Non-Ducted,Single split system,Wall Hung,Class 9,7.2,6.0,3.932,4.401,4.272,4.73,4.022,4.568,7.226,6.659,5.95,5.599,0.0,0.0,0.0,0.0,0.0,0.0,0.0,0.0,R-32,Approved,,31/05/2023,
6E(ii),Daikin,RXV71WVMA / FTXV71WVMA,Non-Ducted,Single split system,Wall Hung,Class 9,8.0,7.1,3.618,4.183,4.132,4.534,3.912,4.39,6.702,6.1,4.936,4.777,0.0,0.0,0.0,0.0,0.0,0.0,0.0,0.0,R-32,Approved,,31/05/2023,
6F,Daikin,RZAC125C2V1 / FCA125CVMA,Non-Ducted,Single split system,Casette,Class 11,14.0,12.5,3.492,3.805,4.028,4.395,3.798,4.219,5.741,5.378,4.604,4.463,0.0,0.0,0.0,0.0,0.0,0.0,0.0,0.0,R-32,Pending Assessment,06/10/2023,,
6F,Daikin,RZAC125C2Y1 / FCA125CVMA,Non-Ducted,Single split system,Casette,Class 11,14.0,12.5,3.492,3.805,4.35,3.521,3.809,4.219,5.741,5.378,4.644,4.463,0.0,0.0,0.0,0.0,0.0,0.0,0.0,0.0,R-32,Pending Assessment,06/10/2023,,
6F,Daikin,RZAC140F2V1 / FCA140CVMA,Non-Ducted,Single split system,Casette,Class 11,16.0,14.0,3.311,3.766,4.428,4.988,3.946,4.477,6.218,5.751,4.677,4.527,0.0,0.0,0.0,0.0,0.0,0.0,0.0,0.0,R-32,Pending Assessment,06/10/2023,,
6F,Daikin,RZAC140F2Y1 / FCA140CVMA,Non-Ducted,Single split system,Casette,Class 11,16.0,14.0,3.311,3.766,4.428,5.413,3.946,4.477,6.091,2.171,4.677,4.527,0.0,0.0,0.0,0.0,0.0,0.0,0.0,0.0,R-32,Pending Assessment,06/10/2023,,
6E(i),Daikin,RZAC50EVM / FFA50AVM,Non-Ducted,Single split system,Casette,Class 9,6.0,5.0,4.428,3.823,4.124,4.555,3.843,4.336,6.54,6.185,5.285,5.205,0.0,0.0,0.0,0.0,0.0,0.0,0.0,0.0,R-32,Pending Assessment,06/10/2023,,
6B(i),Daikin,RZAS100C2V1 / FDYA100AV19,Ducted,Single split system,,Class 11,12.5,10.0,3.76,3.931,3.823,4.2,3.618,4.071,5.227,4.966,4.25,4.217,0.0,0.0,0.0,0.0,0.0,0.0,0.0,0.0,R-32,Pending Assessment,09/10/2023,,
6B(i),Daikin,RZAS125C2V1 / FDYA125AV19,Ducted,Single split system,,Class 11,15.0,12.5,3.572,3.897,3.672,4.291,3.453,4.078,5.998,5.514,4.592,4.471,0.0,0.0,0.0,0.0,0.0,0.0,0.0,0.0,R-32,Pending Assessment,09/10/2023,,
6B(i),Daikin,RZAS125C2V1 / FDYUA125AV19,Ducted,Single split system,,Class 11,15.0,12.5,3.572,3.897,3.672,4.291,3.453,4.078,5.998,5.514,4.592,4.471,0.0,0.0,0.0,0.0,0.0,0.0,0.0,0.0,R-32,Pending Assessment,09/10/2023,,
6B(i),Daikin,RZAS140C2V1 / FDYA140AV19,Ducted,Single split system,,Class 11,16.5,14.0,3.518,3.811,3.747,4.508,3.414,4.115,6.502,5.801,4.671,4.536,0.0,0.0,0.0,0.0,0.0,0.0,0.0,0.0,R-32,Pending Assessment,09/10/2023,,
6B(i),Daikin,RZAS160C2V1 / FDYA160AV19,Ducted,Single split system,,Class 11,18.0,16.0,3.266,3.83,3.749,4.2,3.409,3.968,6.119,5.501,4.546,4.371,0.0,0.0,0.0,0.0,0.0,0.0,0.0,0.0,R-32,Pending Assessment,09/10/2023,,
6B(i),Daikin,RZAS160C2V1 / FDYUA160AV19,Ducted,Single split system,,Class 11,18.0,16.0,3.266,3.83,3.749,4.2,3.409,3.968,6.119,5.501,4.546,4.371,0.0,0.0,0.0,0.0,0.0,0.0,0.0,0.0,R-32,Pending Assessment,09/10/2023,,
6A,Daikin,RZAS71C2V1 / FDYA71AV19,Ducted,Single split system,,Class 10,7.5,7.1,3.643,4.168,4.115,4.509,3.863,4.336,6.627,5.983,4.546,4.5,0.0,0.0,0.0,0.0,0.0,0.0,0.0,0.0,R-32,Pending Assessment,09/10/2023,,
6A,Daikin,RZAS71C2V1 / FDYUA71AV19,Ducted,Single split system,,Class 10,7.5,7.1,3.643,4.168,4.115,4.509,3.863,4.336,6.627,5.983,4.546,4.5,0.0,0.0,0.0,0.0,0.0,0.0,0.0,0.0,R-32,Pending Assessment,09/10/2023,,
6A,Daikin,RZAS85C2V1 / FDYA85AV19,Ducted,Single split system,,Class 10,10.0,8.5,3.542,3.985,3.82,4.18,3.6,4.041,6.378,5.778,4.453,4.4,0.0,0.0,0.0,0.0,0.0,0.0,0.0,0.0,R-32,Pending Assessment,09/10/2023,,
6F,Daikin,RZAV100F2V1 / FCA100CVMA,Non-Ducted,Single split system,Casette,Class 11,12.0,10.0,4.124,4.716,5.112,5.626,4.73,5.296,5.145,0.87,5.817,5.68,0.0,0.0,0.0,0.0,0.0,0.0,0.0,0.0,R-32,Pending Assessment,06/10/2023,,
6F,Daikin,RZAV100F2V1 / FCTA100AVMA,Non-Ducted,Single split system,Casette,Class 11,12.0,10.0,4.117,4.708,5.112,5.626,4.73,5.296,9.291,8.066,5.738,5.62,0.0,0.0,0.0,0.0,0.0,0.0,0.0,0.0,R-32,Pending Assessment,06/10/2023,,
6F,Daikin,RZAV100F2V1 / FHA100BVMA,Non-Ducted,Single split system,Casette,Class 11,12.0,10.0,3.537,3.674,4.614,5.259,4.065,4.705,8.711,7.484,5.4,5.197,0.0,0.0,0.0,0.0,0.0,0.0,0.0,0.0,R-32,Pending Assessment,06/10/2023,,
6F,Daikin,RZAV100F2V1 / FHA100CVMA,Non-Ducted,Single split system,Casette,Class 11,12.0,10.0,3.537,3.674,4.614,5.259,4.065,4.705,8.711,7.484,5.4,5.197,0.0,0.0,0.0,0.0,0.0,0.0,0.0,0.0,R-32,Pending Assessment,06/10/2023,,
6F,Daikin,RZAV100F2Y1 / FCA100CVMA,Non-Ducted,Single split system,Casette,Class 11,12.0,10.0,4.124,4.716,5.252,5.588,4.73,5.296,9.365,7.822,5.817,5.68,0.0,0.0,0.0,0.0,0.0,0.0,0.0,0.0,R-32,Pending Assessment,06/10/2023,,
6F,Daikin,RZAV100F2Y1 / FCTA100AVMA,Non-Ducted,Single split system,Casette,Class 11,12.0,10.0,4.117,4.708,5.112,5.626,4.73,5.296,9.291,8.066,5.738,5.62,0.0,0.0,0.0,0.0,0.0,0.0,0.0,0.0,R-32,Pending Assessment,06/10/2023,,
6F,Daikin,RZAV100F2Y1 / FHA100BVMA,Non-Ducted,Single split system,Casette,Class 11,12.0,10.0,3.537,3.674,4.614,5.259,4.065,4.705,8.711,7.484,5.4,5.197,0.0,0.0,0.0,0.0,0.0,0.0,0.0,0.0,R-32,Pending Assessment,06/10/2023,,
6F,Daikin,RZAV100F2Y1 / FHA100CVMA,Non-Ducted,Single split system,Casette,Class 11,12.0,10.0,3.537,3.674,4.614,5.259,4.065,4.705,8.711,7.484,5.4,5.197,0.0,0.0,0.0,0.0,0.0,0.0,0.0,0.0,R-32,Pending Assessment,06/10/2023,,
6F,Daikin,RZAV125F2V1 / FCA125CVMA,Non-Ducted,Single split system,Casette,Class 11,15.0,12.5,3.792,4.337,4.708,5.234,4.333,4.93,8.375,2.349,5.664,5.436,0.0,0.0,0.0,0.0,0.0,0.0,0.0,0.0,R-32,Pending Assessment,06/10/2023,,
6F,Daikin,RZAV125F2V1 / FCTA125AVMA,Non-Ducted,Single split system,Casette,Class 11,15.0,12.5,3.787,4.332,4.708,5.234,4.333,4.93,8.397,7.361,5.603,5.392,0.0,0.0,0.0,0.0,0.0,0.0,0.0,0.0,R-32,Pending Assessment,06/10/2023,,
6F,Daikin,RZAV125F2V1 / FHA125BVMA,Non-Ducted,Single split system,Casette,Class 11,15.0,12.5,3.374,3.519,4.208,4.871,3.684,4.344,7.697,6.706,5.014,4.837,0.0,0.0,0.0,0.0,0.0,0.0,0.0,0.0,R-32,Pending Assessment,06/10/2023,,
6F,Daikin,RZAV125F2V1 / FHA125CVMA,Non-Ducted,Single split system,Casette,Class 11,15.0,12.5,3.374,3.519,4.208,4.871,3.684,4.344,7.697,6.706,5.014,4.837,0.0,0.0,0.0,0.0,0.0,0.0,0.0,0.0,R-32,Pending Assessment,06/10/2023,,
6F,Daikin,RZAV125F2Y1 / FCA125CVMA,Non-Ducted,Single split system,Casette,Class 11,15.0,12.5,3.792,4.337,4.708,5.234,4.333,4.93,8.445,7.392,5.664,5.436,0.0,0.0,0.0,0.0,0.0,0.0,0.0,0.0,R-32,Pending Assessment,06/10/2023,,
6F,Daikin,RZAV125F2Y1 / FCTA125AVMA,Non-Ducted,Single split system,Casette,Class 11,15.0,12.5,3.787,4.332,4.708,5.234,4.333,4.93,8.397,7.361,5.603,5.392,0.0,0.0,0.0,0.0,0.0,0.0,0.0,0.0,R-32,Pending Assessment,06/10/2023,,
6F,Daikin,RZAV125F2Y1 / FHA125BVMA,Non-Ducted,Single split system,Casette,Class 11,15.0,12.5,3.374,3.519,4.208,4.871,3.684,4.344,7.697,6.706,5.014,4.837,0.0,0.0,0.0,0.0,0.0,0.0,0.0,0.0,R-32,Pending Assessment,06/10/2023,,
6F,Daikin,RZAV125F2Y1 / FHA125CVMA,Non-Ducted,Single split system,Casette,Class 11,15.0,12.5,3.374,3.519,4.208,4.871,3.684,4.344,7.697,6.706,5.014,4.837,0.0,0.0,0.0,0.0,0.0,0.0,0.0,0.0,R-32,Pending Assessment,06/10/2023,,
6F,Daikin,RZAV140F2V1 / FCA140CVMA,Non-Ducted,Single split system,Casette,Class 11,16.5,14.0,3.73,4.051,4.656,5.211,4.217,4.805,8.243,7.252,5.576,5.354,0.0,0.0,0.0,0.0,0.0,0.0,0.0,0.0,R-32,Pending Assessment,06/10/2023,,
6F,Daikin,RZAV140F2V1 / FCTA140AVMA,Non-Ducted,Single split system,Casette,Class 11,16.5,14.0,3.726,4.046,4.656,5.211,4.217,4.805,8.202,7.225,5.524,5.316,0.0,0.0,0.0,0.0,0.0,0.0,0.0,0.0,R-32,Pending Assessment,06/10/2023,,
6F,Daikin,RZAV140F2V1 / FHA140BVMA,Non-Ducted,Single split system,Casette,Class 11,16.5,14.0,3.35,3.424,4.159,4.804,3.641,4.278,7.719,6.727,5.033,4.848,0.0,0.0,0.0,0.0,0.0,0.0,0.0,0.0,R-32,Pending Assessment,06/10/2023,,
6F,Daikin,RZAV140F2V1 / FHA140CVMA,Non-Ducted,Single split system,Casette,Class 11,16.5,14.0,3.35,3.424,4.159,4.804,3.641,4.278,7.719,6.727,5.033,4.848,0.0,0.0,0.0,0.0,0.0,0.0,0.0,0.0,R-32,Pending Assessment,06/10/2023,,
6F,Daikin,RZAV140F2Y1 / FCA140CVMA,Non-Ducted,Single split system,Casette,Class 11,16.5,14.0,3.73,4.051,4.656,5.211,3.896,3.952,8.243,7.252,5.576,5.354,0.0,0.0,0.0,0.0,0.0,0.0,0.0,0.0,R-32,Pending Assessment,06/10/2023,,
6F,Daikin,RZAV140F2Y1 / FCTA140AVMA,Non-Ducted,Single split system,Casette,Class 11,16.5,14.0,3.726,4.046,4.656,5.211,4.217,4.805,8.202,7.225,5.524,5.316,0.0,0.0,0.0,0.0,0.0,0.0,0.0,0.0,R-32,Pending Assessment,06/10/2023,,
6F,Daikin,RZAV140F2Y1 / FHA140BVMA,Non-Ducted,Single split system,Casette,Class 11,16.5,14.0,3.35,3.424,4.159,4.804,3.641,4.278,7.719,6.727,5.033,4.848,0.0,0.0,0.0,0.0,0.0,0.0,0.0,0.0,R-32,Pending Assessment,06/10/2023,,
6F,Daikin,RZAV140F2Y1 / FHA140CVMA,Non-Ducted,Single split system,Casette,Class 11,16.5,14.0,3.35,3.424,4.159,4.804,3.641,4.278,7.719,6.727,5.033,4.848,0.0,0.0,0.0,0.0,0.0,0.0,0.0,0.0,R-32,Pending Assessment,06/10/2023,,
6A,Fujitsu,AOTH09KBTA/ARTH09KLLAP,Ducted,Single split system,,Class 10,3.2,2.5,4.014,4.088,4.074,4.39,3.9,4.27,5.683,5.398,4.567,4.535,0.0,0.0,0.0,0.0,0.0,0.0,0.0,0.0,R-32,Approved,,31/05/2023,
6A,Fujitsu,AOTH09KBTA/ARTH09KSLAP,Ducted,Single split system,,Class 10,3.2,2.5,3.835,3.941,3.879,4.151,3.736,4.053,5.663,5.359,4.551,4.49,0.0,0.0,0.0,0.0,0.0,0.0,0.0,0.0,R-32,Approved,,31/05/2023,
6A,Fujitsu,AOTH12KBTA/ARTH12KLLAP,Ducted,Single split system,,Class 10,4.0,3.5,3.712,3.764,3.88,4.305,3.618,4.116,5.459,5.155,4.485,4.397,0.0,0.0,0.0,0.0,0.0,0.0,0.0,0.0,R-32,Approved,,31/05/2023,
6A,Fujitsu,AOTH18KBTA/ARTH18KMTAP,Ducted,Single split system,,Class 10,6.0,5.0,3.619,3.77,3.923,4.409,3.616,4.182,5.866,5.485,4.844,4.663,0.0,0.0,0.0,0.0,0.0,0.0,0.0,0.0,R-32,Approved,,31/05/2023,
6A,Fujitsu,AOTH24KCTA/ARTH24KMTAP,Ducted,Single split system,,Class 10,8.0,7.1,3.823,4.13,4.288,4.679,4.043,4.491,5.302,5.005,4.598,4.474,0.0,0.0,0.0,0.0,0.0,0.0,0.0,0.0,R-32,Approved,,31/05/2023,
6A,Fujitsu,AOTH30KBTA/ARTH30KHTA,Ducted,Single split system,,Class 10,10.0,8.5,3.606,4.242,3.895,4.35,3.654,4.211,5.397,5.065,4.637,4.469,0.0,0.0,0.0,0.0,0.0,0.0,0.0,0.0,R-32,Approved,,31/05/2023,
6A,Fujitsu,AOTH30KCTA/ARTH30KHTA,Ducted,Single split system,,Class 10,10.0,8.5,3.885,4.529,4.201,4.624,3.994,4.509,5.458,5.148,4.727,4.593,0.0,0.0,0.0,0.0,0.0,0.0,0.0,0.0,R-32,Approved,,31/05/2023,
6A,Fujitsu,AOTH30KCTA/ARTH30KMTAP,Ducted,Single split system,,Class 10,10.0,8.5,3.749,4.037,4.207,4.702,3.899,4.472,5.481,5.154,4.727,4.569,0.0,0.0,0.0,0.0,0.0,0.0,0.0,0.0,R-32,Approved,,31/05/2023,
6B(i),Fujitsu,AOTH36KBTA/ARTH36KHTA,Ducted,Single split system,,Class 11,11.2,10.0,3.239,3.989,3.67,4.34,3.429,4.073,5.544,5.144,4.675,4.426,0.0,0.0,0.0,0.0,0.0,0.0,0.0,0.0,R-32,Approved,,31/05/2023,
6B(i),Fujitsu,AOTH36KCTA/ARTH36KHTA,Ducted,Single split system,,Class 11,12.5,10.0,3.834,4.24,4.043,4.58,3.733,4.377,5.694,5.347,4.9,4.727,0.0,0.0,0.0,0.0,0.0,0.0,0.0,0.0,R-32,Approved,,31/05/2023,
6B(i),Fujitsu,AOTH36KRTA/ARTH36KHTA,Ducted,Single split system,,Class 11,11.2,10.0,3.239,3.989,3.67,4.34,3.429,4.073,5.544,5.144,4.675,4.426,0.0,0.0,0.0,0.0,0.0,0.0,0.0,0.0,R-32,Approved,,31/05/2023,
6B(i),Fujitsu,AOTH45KBTA/ARTH45KHTA,Ducted,Single split system,,Class 11,14.0,12.5,3.282,4.084,3.901,4.41,3.574,4.208,5.465,5.083,4.635,4.403,0.0,0.0,0.0,0.0,0.0,0.0,0.0,0.0,R-32,Approved,,31/05/2023,
6B(i),Fujitsu,AOTH45KCTA/ARTH45KHTA,Ducted,Single split system,,Class 11,15.0,12.5,3.637,4.289,3.992,4.446,3.753,4.305,5.528,5.18,4.76,4.573,0.0,0.0,0.0,0.0,0.0,0.0,0.0,0.0,R-32,Approved,,31/05/2023,
6B(i),Fujitsu,AOTH45KRTA/ARTH45KHTA,Ducted,Single split system,,Class 11,14.0,12.5,3.282,4.084,3.901,4.41,3.574,4.208,5.465,5.083,4.635,4.403,0.0,0.0,0.0,0.0,0.0,0.0,0.0,0.0,R-32,Approved,,31/05/2023,
6B(i),Fujitsu,AOTH54KCTA/ARTH54KHTA,Ducted,Single split system,,Class 11,16.5,14.0,3.574,4.117,3.729,4.154,3.502,4.028,5.375,5.04,4.642,4.464,0.0,0.0,0.0,0.0,0.0,0.0,0.0,0.0,R-32,Approved,,31/05/2023,
6B(i),Fujitsu,AOTH60KCTA/ARTH60KHTB,Ducted,Single split system,,Class 11,18.0,16.0,3.314,3.882,3.734,4.195,3.428,4.001,5.32,4.962,4.555,4.342,0.0,0.0,0.0,0.0,0.0,0.0,0.0,0.0,R-32,Approved,,31/05/2023,
6D,Fujitsu General,AOTG09KMTC/ASTG09KMTC,Non-Ducted,Single split system,Wall Hung,Class 8,3.2,2.5,4.701,4.835,4.744,5.112,4.548,4.975,10.227,8.777,7.155,6.755,0.0,0.0,0.0,0.0,0.0,0.0,0.0,0.0,R-32,Approved,,31/05/2023,
6D,Fujitsu General,AOTG12KMTC/ASTG12KMTC,Non-Ducted,Single split system,Wall Hung,Class 8,3.7,3.5,3.925,4.673,4.518,4.971,4.278,4.817,10.522,8.666,6.625,6.193,0.0,0.0,0.0,0.0,0.0,0.0,0.0,0.0,R-32,Approved,,31/05/2023,
6E(i),Fujitsu General,AOTG18KMTC/ASTG18KMTC,Non-Ducted,Single split system,Wall Hung,Class 9,6.0,5.0,4.3,4.677,4.216,4.533,4.092,4.48,8.512,7.555,6.472,6.102,0.0,0.0,0.0,0.0,0.0,0.0,0.0,0.0,R-32,Approved,,31/05/2023,
6D,Hitachi,RAC-DJ25PHAT/RAK-DJ25PHAT,Non-Ducted,Single split system,Wall Hung,Class 8,3.2,2.5,4.758,4.809,4.77,5.187,4.548,5.032,13.816,10.35,6.983,6.722,0.0,0.0,0.0,0.0,0.0,0.0,0.0,0.0,R-32,Pending Assessment,29/06/2023,,
6D,Hitachi,RAC-DJ35PHAT/RAK-DJ35PHAT,Non-Ducted,Single split system,Wall Hung,Class 8,4.0,3.5,3.909,4.518,4.528,4.969,4.278,4.793,12.174,9.296,6.387,6.044,0.0,0.0,0.0,0.0,0.0,0.0,0.0,0.0,R-32,Pending Assessment,29/06/2023,,
6E(i),Hitachi,RAC-DJ50PHAT/RAK-DJ50PHAT,Non-Ducted,Single split system,Wall Hung,Class 9,5.3,5.0,3.52,3.731,4.012,4.384,3.76,4.181,8.483,7.243,5.608,5.312,0.0,0.0,0.0,0.0,0.0,0.0,0.0,0.0,R-32,Pending Assessment,29/06/2023,,
6D,Hitachi,RAC-P25YHAB/RAS-P25YHAB,Non-Ducted,Single split system,Wall Hung,Class 8,3.3,2.5,5.15,5.277,4.924,5.32,4.756,5.228,9.524,8.241,6.818,6.676,0.0,0.0,0.0,0.0,0.0,0.0,0.0,0.0,R-32,Pending Assessment,29/06/2023,,
6D,Hitachi,RAC-P35YHAB/RAS-P35YHAB,Non-Ducted,Single split system,Wall Hung,Class 8,4.3,3.5,4.633,4.856,4.97,5.474,4.677,5.258,12.764,10.209,7.148,6.849,0.0,0.0,0.0,0.0,0.0,0.0,0.0,0.0,R-32,Pending Assessment,29/06/2023,,
6E(i),Hitachi,RAC-P50YHAB/RAS-P50YHAB,Non-Ducted,Single split system,Wall Hung,Class 9,6.0,5.0,3.772,4.3,4.246,4.664,4.011,4.505,7.96,7.026,5.559,5.344,0.0,0.0,0.0,0.0,0.0,0.0,0.0,0.0,R-32,Pending Assessment,29/06/2023,,
6D,Hitachi,RAC-VJ25PHAT/RAK-VJ25PHAT,Non-Ducted,Single split system,Wall Hung,Class 8,3.2,2.5,5.098,5.117,4.906,5.277,4.734,5.167,17.522,12.139,7.244,7.114,0.0,0.0,0.0,0.0,0.0,0.0,0.0,0.0,R-32,Pending Assessment,29/06/2023,,
6D,Hitachi,RAC-VJ35PHAT/RAK-VJ35PHAT,Non-Ducted,Single split system,Wall Hung,Class 8,3.8,3.5,4.215,4.933,4.846,5.199,4.667,5.073,12.218,9.639,6.743,6.41,0.0,0.0,0.0,0.0,0.0,0.0,0.0,0.0,R-32,Pending Assessment,29/06/2023,,
6F,Kaden,KCI36 IDU,Non-Ducted,Single split system,Casette,Class 11,10.5,11.0,3.942,4.024,4.067,4.433,4.367,4.707,5.949,5.746,14.583,9.698,0.0,0.0,0.0,0.0,0.0,0.0,0.0,0.0,R-32,Pending Assessment,22/09/2023,,
6F,Kaden,KCI42 IDU,Non-Ducted,Single split system,Casette,Class 11,12.5,13.0,3.651,3.764,3.852,4.267,4.224,4.645,5.803,5.544,15.93,9.667,0.0,0.0,0.0,0.0,0.0,0.0,0.0,0.0,R-32,Pending Assessment,22/09/2023,,
6F,Kaden,KCI48 IDU,Non-Ducted,Single split system,Casette,Class 11,14.0,14.5,3.268,3.551,3.733,4.349,4.25,4.89,5.63,5.29,15.064,9.077,0.0,0.0,0.0,0.0,0.0,0.0,0.0,0.0,R-32,Pending Assessment,22/09/2023,,
6A,Kaden,KDI24 / KDI24,Ducted,Single split system,Floor/Ceiling,Class 10,7.5,7.3,3.421,4.09,3.942,4.408,4.235,4.644,5.673,5.558,6.037,7.825,0.0,0.0,0.0,0.0,0.0,0.0,0.0,0.0,R-32,Pending Assessment,22/09/2023,,
6B(i),Kaden,KDI36 / KDI36,Ducted,Single split system,Floor/Ceiling,Class 11,11.5,10.5,3.351,4.207,3.809,4.432,4.188,4.747,6.09,5.801,19.173,60.711,0.0,0.0,0.0,0.0,0.0,0.0,0.0,0.0,R-32,Pending Assessment,22/09/2023,,
6B(i),Kaden,KDI42 / KDI42,Ducted,Single split system,Floor/Ceiling,Class 11,13.0,12.5,3.393,4.083,4.028,4.449,4.368,4.783,5.491,5.275,23.129,10.359,0.0,0.0,0.0,0.0,0.0,0.0,0.0,0.0,R-32,Pending Assessment,22/09/2023,,
6B(i),Kaden,KDI48 / KDI48,Ducted,Single split system,Floor/Ceiling,Class 11,14.0,14.0,3.307,4.007,3.894,4.345,4.226,4.657,5.619,5.319,15.246,9.524,0.0,0.0,0.0,0.0,0.0,0.0,0.0,0.0,R-32,Pending Assessment,22/09/2023,,
6B(i),Kaden,KDI60 / KDI60,Ducted,Single split system,Floor/Ceiling,Class 11,18.0,17.0,3.211,3.918,3.641,4.282,4.087,4.694,5.543,5.202,20.49,12.66,0.0,0.0,0.0,0.0,0.0,0.0,0.0,0.0,R-32,Pending Assessment,22/09/2023,,
6E(ii),Kaden,KM24,Non-Ducted,Fixed,Wall Hung,Class 9,7.3,7.3,3.577,4.146,4.038,4.41,4.306,4.647,5.463,5.3,17.172,9.998,0.0,0.0,0.0,0.0,0.0,0.0,0.0,0.0,R-32,Pending Assessment,22/09/2023,,
6E(ii),Kaden,KM28,Non-Ducted,Fixed,Wall Hung,Class 9,8.7,8.5,3.55,4.039,3.932,4.432,4.27,4.723,5.713,5.497,13.3,12.324,0.0,0.0,0.0,0.0,0.0,0.0,0.0,0.0,R-32,Pending Assessment,22/09/2023,,
6F,Kaden,KM36,Non-Ducted,Fixed,Wall Hung,Class 11,11.5,11.0,3.422,3.815,3.425,3.916,3.658,4.034,5.079,4.911,9.366,7.478,0.0,0.0,0.0,0.0,0.0,0.0,0.0,0.0,R-32,Pending Assessment,22/09/2023,,
6F,Kaden,KM46,Non-Ducted,Fixed,Wall Hung,Class 11,12.0,12.0,3.32,3.733,3.35,3.861,3.609,4.008,5.07,4.875,9.366,7.44,0.0,0.0,0.0,0.0,0.0,0.0,0.0,0.0,R-32,Pending Assessment,22/09/2023,,
6D,Kaden,KSI06,Non-Ducted,Single split system,Wall Hung,Class 8,2.25,2.0,4.629,4.87,3.45,3.062,4.762,5.04,7.175,6.968,13.711,10.498,0.0,0.0,0.0,0.0,0.0,0.0,0.0,0.0,R-32,Pending Assessment,22/09/2023,,
6D,Kaden,KSI09,Non-Ducted,Single split system,Wall Hung,Class 8,2.7,2.6,4.392,4.485,4.306,4.767,4.601,5.012,6.97,6.632,12.579,9.873,0.0,0.0,0.0,0.0,0.0,0.0,0.0,0.0,R-32,Pending Assessment,22/09/2023,,
6D,Kaden,KSI12,Non-Ducted,Single split system,Wall Hung,Class 8,4.0,3.55,4.311,4.332,4.001,4.837,4.536,5.305,6.622,6.3,10.346,8.634,0.0,0.0,0.0,0.0,0.0,0.0,0.0,0.0,R-32,Pending Assessment,22/09/2023,,
6E(i),Kaden,KSI18,Non-Ducted,Single split system,Wall Hung,Class 9,5.2,5.0,3.836,3.842,3.622,4.137,3.909,4.352,6.152,5.82,11.471,8.667,0.0,0.0,0.0,0.0,0.0,0.0,0.0,0.0,R-32,Pending Assessment,22/09/2023,,
6E(ii),Kaden,KSI24,Non-Ducted,Single split system,Wall Hung,Class 9,7.5,7.0,3.583,3.84,3.44,4.172,3.875,4.514,5.551,5.252,8.559,7.094,0.0,0.0,0.0,0.0,0.0,0.0,0.0,0.0,R-32,Pending Assessment,22/09/2023,,
6E(ii),Kaden,KSI24 V2,Non-Ducted,Single split system,Wall Hung,Class 9,7.5,7.0,3.583,3.744,3.8,4.266,4.124,4.538,5.531,5.242,8.514,7.067,0.0,0.0,0.0,0.0,0.0,0.0,0.0,0.0,R-32,Pending Assessment,22/09/2023,,
6E(ii),Kaden,KSI28,Non-Ducted,Single split system,Wall Hung,Class 9,8.5,8.0,3.399,3.772,3.178,3.938,3.6,4.428,5.464,5.152,10.197,7.493,0.0,0.0,0.0,0.0,0.0,0.0,0.0,0.0,R-32,Pending Assessment,22/09/2023,,
6E(ii),Kaden,KSI28 V2,Non-Ducted,Single split system,Wall Hung,Class 9,8.5,7.6,3.418,3.493,3.578,4.114,3.983,4.48,5.462,5.169,10.779,7.673,0.0,0.0,0.0,0.0,0.0,0.0,0.0,0.0,R-32,Pending Assessment,22/09/2023,,
6D,LG,WH09SKU-18 / WH09SKN-18,Non-Ducted,Single split system,Wall Hung,Class 8,3.2,2.5,4.807,4.841,4.302,4.507,4.267,4.508,12.456,9.487,6.395,6.269,0.0,0.0,0.0,0.0,0.0,0.0,0.0,0.0,R-32,Pending Assessment,21/07/2023,,
6B(i),Midea,DUCMI125IHB/UCMI125OB,Ducted,Single split system,Under Ceiling,Class 11,13.0,12.5,3.44,4.277,4.416,4.825,4.1,4.522,23.28,10.421,5.516,5.309,0.0,0.0,0.0,0.0,0.0,0.0,0.0,0.0,R-32,Pending Assessment,07/09/2023,,
6B(i),Midea,DUCMI170IHB/UCMI170OB,Ducted,Single split system,Under Ceiling,Class 11,17.5,17.0,3.894,3.211,4.115,4.704,3.681,4.304,3.968,13.551,5.556,5.215,0.0,0.0,0.0,0.0,0.0,0.0,0.0,0.0,R-32,Pending Assessment,07/09/2023,,
6D,Midea,MFAB-20WC/MFAB-20NC,Non-Ducted,Single split system,Wall Hung,Class 8,2.25,2.0,4.629,4.87,4.762,5.04,4.586,4.909,13.711,10.498,7.3,6.931,0.0,0.0,0.0,0.0,0.0,0.0,0.0,0.0,R-32,Pending Assessment,28/09/2023,,
6E(ii),Midea,MFAB-71NC/MFAB-71WC,Non-Ducted,Single split system,Wall Hung,Class 9,7.5,7.0,3.583,3.763,4.109,4.464,3.838,4.261,7.837,6.801,5.578,5.262,0.0,0.0,0.0,0.0,0.0,0.0,0.0,0.0,R-32,Pending Assessment,28/09/2023,,
6E(ii),Midea,MFAB-81NC/MFAB-81WC,Non-Ducted,Single split system,Wall Hung,Class 9,8.5,8.0,3.329,3.537,3.985,4.421,3.634,4.128,8.136,6.858,5.423,5.092,0.0,0.0,0.0,0.0,0.0,0.0,0.0,0.0,R-32,Pending Assessment,28/09/2023,,
6D,Midea,MFAG20VA-N/MFAG20VA-W,Non-Ducted,Single split system,Wall Hung,Class 8,2.25,2.0,4.629,4.87,4.762,5.04,4.586,4.909,13.711,10.498,7.3,6.931,0.0,0.0,0.0,0.0,0.0,0.0,0.0,0.0,R-32,Approved,,31/05/2023,
6D,Midea,MFAG26VA-N/MFAG26VA-W,Non-Ducted,Single split system,Wall Hung,Class 8,2.7,2.6,4.392,4.485,4.601,5.012,4.306,4.767,12.579,9.873,6.97,6.632,0.0,0.0,0.0,0.0,0.0,0.0,0.0,0.0,R-32,Approved,,31/05/2023,
6E(ii),Midea,MFAG70VA-N/MFAG70VA-W,Non-Ducted,Single split system,Wall Hung,Class 9,7.5,7.0,3.584,3.762,4.109,4.464,3.838,4.261,7.837,6.801,5.578,5.262,0.0,0.0,0.0,0.0,0.0,0.0,0.0,0.0,R-32,Pending Assessment,26/09/2023,,
6E(ii),Midea,MFAG80VA-N/MFAG80VA-W,Non-Ducted,Single split system,Wall Hung,Class 9,8.5,8.0,3.329,3.537,3.985,4.421,3.634,4.128,8.136,6.858,5.423,5.092,0.0,0.0,0.0,0.0,0.0,0.0,0.0,0.0,R-32,Pending Assessment,26/09/2023,,
6E(i),Midea,MFCA50VA-W / MFCA50VA-N,Non-Ducted,Single split system,Wall Hung,Class 9,5.2,5.2,3.81,4.168,4.467,4.757,4.247,4.581,11.773,8.497,6.032,5.687,0.0,0.0,0.0,0.0,0.0,0.0,0.0,0.0,R-32,Approved,,31/05/2023,
6E(ii),Midea,MFEP70VA-W/MFEP70VA-N,Non-Ducted,Single split system,Wall Hung,Class 9,8.8,7.0,3.691,3.725,4.173,4.673,3.778,4.326,11.969,8.705,6.115,5.743,0.0,0.0,0.0,0.0,0.0,0.0,0.0,0.0,R-32,Approved,,31/05/2023,
6D,Midea,MFXS20,Non-Ducted,Single split system,Wall Hung,Class 8,2.25,2.0,4.629,4.87,4.762,5.04,4.586,4.909,13.711,10.498,7.3,6.931,0.0,0.0,0.0,0.0,0.0,0.0,0.0,0.0,R-32,Pending Assessment,28/09/2023,,
6E(ii),Midea,MFXS71N/ MFXS71W,Non-Ducted,Single split system,Wall Hung,Class 9,7.5,7.0,3.583,3.763,4.109,4.464,3.838,4.261,7.837,6.801,5.578,5.262,0.0,0.0,0.0,0.0,0.0,0.0,0.0,0.0,R-32,Pending Assessment,28/09/2023,,
6E(ii),Midea,MFXS81N/MFXS81W,Non-Ducted,Single split system,Wall Hung,Class 9,8.5,8.0,3.329,3.537,3.985,4.421,3.634,4.128,8.136,6.858,5.423,5.092,0.0,0.0,0.0,0.0,0.0,0.0,0.0,0.0,R-32,Pending Assessment,28/09/2023,,
6B(i),Midea,UCMI140OB/DUCMI140IHB,Ducted,Single split system,Under Ceiling,Class 11,14.5,14.0,3.307,3.832,4.183,4.642,3.818,4.299,15.246,9.524,5.619,5.319,0.0,0.0,0.0,0.0,0.0,0.0,0.0,0.0,R-32,Pending Assessment,07/09/2023,,
6D,Midea,MFCA26VA-W/MFCA26VA-N,Non-Ducted,Single split system,Wall Hung,Class 8,2.65,2.6,4.955,5.25,5.031,5.265,4.76,4.958,26.384,15.023,8.279,7.894,0.0,0.0,0.0,0.0,0.0,0.0,0.0,0.0,R-32,Pending Assessment,23/08/2023,,
6D,Midea,MFCA35VA-W/MFCA35VA-N,Non-Ducted,Single split system,Wall Hung,Class 8,3.6,3.55,4.411,4.647,5.019,5.441,4.662,5.105,10.432,12.751,7.32,7.032,0.0,0.0,0.0,0.0,0.0,0.0,0.0,0.0,R-32,Pending Assessment,23/08/2023,,
6D,Midea,MFEP26VA-W/MFEP26VA-N,Non-Ducted,Single split system,Wall Hung,Class 8,2.7,2.6,5.27,5.506,5.268,5.552,5.108,5.446,20.703,13.77,8.469,8.08,0.0,0.0,0.0,0.0,0.0,0.0,0.0,0.0,R-32,Pending Assessment,23/08/2023,,
6D,Midea,MFEP35VA-W/MFEP35VA-N,Non-Ducted,Single split system,Wall Hung,Class 8,3.65,3.5,4.585,4.683,4.857,5.347,4.507,5.063,21.554,12.832,7.878,7.425,0.0,0.0,0.0,0.0,0.0,0.0,0.0,0.0,R-32,Pending Assessment,23/08/2023,,
6D,Midea,MFXS26,Non-Ducted,Single split system,Wall Hung,Class 8,2.7,2.65,4.981,5.273,5.175,5.505,4.961,5.345,16.555,11.782,7.887,7.497,0.0,0.0,0.0,0.0,0.0,0.0,0.0,0.0,R-32,Approved,,31/05/2023,
6E(ii),Midea,MULMI0371B,Non-Ducted,Multiple split - fixed head,Wall Hung,Class 19,7.5,7.1,3.567,4.463,4.498,4.786,4.333,4.712,15.732,9.384,5.302,5.169,0.0,0.0,0.0,0.0,0.0,0.0,0.0,0.0,R-32,Approved,,31/05/2023,
6E(ii),Midea,MULMI0480B,Non-Ducted,Multiple split - fixed head,Wall Hung,Class 19,8.5,8.0,3.895,4.284,4.403,4.874,4.09,4.646,24.973,11.609,5.683,5.582,0.0,0.0,0.0,0.0,0.0,0.0,0.0,0.0,R-32,Approved,,31/05/2023,
6F,Midea,MULMI0511B,Non-Ducted,Multiple split - fixed head,Wall Hung,Class 20,11.0,10.5,3.217,3.909,3.913,4.295,3.669,4.136,8.438,6.875,4.749,4.598,0.0,0.0,0.0,0.0,0.0,0.0,0.0,0.0,R-32,Approved,,31/05/2023,
6D,Mitsubishi Electric,MUZ-AP25VG/MSZ-AP25VGD,Non-Ducted,Single split system,Wall Hung,Class 8,3.2,2.5,4.966,4.752,4.708,5.03,4.531,4.901,9.083,8.243,7.014,6.719,0.0,0.0,0.0,0.0,0.0,0.0,0.0,0.0,R-32,Approved,,31/05/2023,
6D,Mitsubishi Electric,MUZ-AP25VGD/MSZ-AP25VGD,Non-Ducted,Single split system,Wall Hung,Class 8,3.2,2.5,4.966,4.752,4.708,5.03,4.531,4.901,9.083,8.243,7.014,6.719,0.0,0.0,0.0,0.0,0.0,0.0,0.0,0.0,R-32,Approved,,31/05/2023,
6D,Mitsubishi Electric,MUZ-AP35VG/MSZ-AP35VGD,Non-Ducted,Single split system,Wall Hung,Class 8,3.7,3.5,4.007,4.549,4.472,4.894,4.241,4.739,8.821,7.862,6.639,6.187,0.0,0.0,0.0,0.0,0.0,0.0,0.0,0.0,R-32,Approved,,31/05/2023,
6D,Mitsubishi Electric,MUZ-AP35VGD/MSZ-AP35VGD,Non-Ducted,Single split system,Wall Hung,Class 8,3.7,3.5,4.007,4.549,4.472,4.894,4.241,4.739,8.821,7.862,6.639,6.187,0.0,0.0,0.0,0.0,0.0,0.0,0.0,0.0,R-32,Approved,,31/05/2023,
6E(i),Mitsubishi Electric,MUZ-AP50VG/MSZ-AP50VGD,Non-Ducted,Single split system,Wall Hung,Class 9,6.0,5.0,3.778,3.696,4.478,5.016,3.944,4.421,7.655,6.837,5.989,5.584,0.0,0.0,0.0,0.0,0.0,0.0,0.0,0.0,R-32,Approved,,31/05/2023,
6E(i),Mitsubishi Electric,MUZ-AP50VGD/MSZ-AP50VGD,Non-Ducted,Single split system,Wall Hung,Class 9,6.0,5.0,3.778,3.696,4.478,5.016,3.944,4.421,7.655,6.837,5.989,5.584,0.0,0.0,0.0,0.0,0.0,0.0,0.0,0.0,R-32,Approved,,31/05/2023,
6E(i),Mitsubishi Electric,MUZ-AP60VG/MSZ-AP60VGD,Non-Ducted,Single split system,Wall Hung,Class 9,6.8,6.0,3.766,4.064,4.11,4.481,3.89,4.321,6.981,6.315,5.551,5.246,0.0,0.0,0.0,0.0,0.0,0.0,0.0,0.0,R-32,Approved,,31/05/2023,
6E(i),Mitsubishi Electric,MUZ-AP60VGD/MSZ-AP60VGD,Non-Ducted,Single split system,Wall Hung,Class 9,6.8,6.0,3.766,4.064,4.11,4.481,3.89,4.321,6.981,6.315,5.551,5.246,0.0,0.0,0.0,0.0,0.0,0.0,0.0,0.0,R-32,Approved,,31/05/2023,
6E(ii),Mitsubishi Electric,MUZ-AP71VG/MSZ-AP71VGD,Non-Ducted,Single split system,Wall Hung,Class 9,8.0,7.1,3.526,3.822,4.062,4.463,3.796,4.255,6.217,5.684,5.077,4.812,0.0,0.0,0.0,0.0,0.0,0.0,0.0,0.0,R-32,Approved,,31/05/2023,
6E(ii),Mitsubishi Electric,MUZ-AP71VG2/MSZ-AP71VGD,Non-Ducted,Single split system,Wall Hung,Class 9,8.0,7.1,3.526,3.822,4.032,4.457,3.756,4.246,6.217,5.684,5.077,4.812,0.0,0.0,0.0,0.0,0.0,0.0,0.0,0.0,R-32,Approved,,31/05/2023,
6E(ii),Mitsubishi Electric,MUZ-AP71VG2/MSZ-AP71VGD2,Non-Ducted,Single split system,Wall Hung,Class 9,8.0,7.1,3.526,3.822,4.032,4.457,3.756,4.246,6.217,5.684,5.077,4.812,0.0,0.0,0.0,0.0,0.0,0.0,0.0,0.0,R-32,Approved,,31/05/2023,
6E(ii),Mitsubishi Electric,MUZ-AP71VGD/MSZ-AP71VGD,Non-Ducted,Single split system,Wall Hung,Class 9,8.0,7.1,3.526,3.822,4.062,4.463,3.796,4.255,6.217,5.684,5.077,4.812,0.0,0.0,0.0,0.0,0.0,0.0,0.0,0.0,R-32,Approved,,31/05/2023,
6E(ii),Mitsubishi Electric,MUZ-AP71VGD2/MSZ-AP71VGD,Non-Ducted,Single split system,Wall Hung,Class 9,8.0,7.1,3.526,3.822,4.032,4.457,3.756,4.246,6.217,5.684,5.077,4.812,0.0,0.0,0.0,0.0,0.0,0.0,0.0,0.0,R-32,Approved,,31/05/2023,
6E(ii),Mitsubishi Electric,MUZ-AP71VGD2/MSZ-AP71VGD2,Non-Ducted,Single split system,Wall Hung,Class 9,8.0,7.1,3.526,3.822,4.032,4.457,3.756,4.246,6.217,5.684,5.077,4.812,0.0,0.0,0.0,0.0,0.0,0.0,0.0,0.0,R-32,Approved,,31/05/2023,
6E(i),Mitsubishi Electric,MUZ-GS50VFD/MSZ-GS50VFD,Non-Ducted,Single split system,Wall Hung,Class 9,5.5,5.0,3.554,3.801,3.989,4.278,3.798,4.126,6.414,5.954,5.092,4.868,0.0,0.0,0.0,0.0,0.0,0.0,0.0,0.0,R-32,Approved,,31/05/2023,
6D,Mitsubishi Electric,MUZ-LN25VG2/MSZ-LN25VG2B,Non-Ducted,Single split system,Wall Hung,Class 8,3.2,2.5,5.067,5.303,5.056,5.335,4.932,5.253,8.067,7.549,6.735,6.482,0.0,0.0,0.0,0.0,0.0,0.0,0.0,0.0,R-32,Approved,,31/05/2023,
6D,Mitsubishi Electric,MUZ-LN25VG2/MSZ-LN25VG2R,Non-Ducted,Single split system,Wall Hung,Class 8,3.2,2.5,5.067,5.303,5.056,5.335,4.932,5.253,8.067,7.549,6.735,6.482,0.0,0.0,0.0,0.0,0.0,0.0,0.0,0.0,R-32,Approved,,31/05/2023,
6D,Mitsubishi Electric,MUZ-LN25VG2/MSZ-LN25VG2V,Non-Ducted,Single split system,Wall Hung,Class 8,3.2,2.5,5.067,5.303,5.056,5.335,4.932,5.253,8.067,7.549,6.735,6.482,0.0,0.0,0.0,0.0,0.0,0.0,0.0,0.0,R-32,Approved,,31/05/2023,
6D,Mitsubishi Electric,MUZ-LN35VG2/MSZ-LN35VG2B,Non-Ducted,Single split system,Wall Hung,Class 8,4.0,3.5,4.251,4.858,4.813,5.168,4.62,5.027,7.234,6.722,6.052,5.751,0.0,0.0,0.0,0.0,0.0,0.0,0.0,0.0,R-32,Approved,,31/05/2023,
6D,Mitsubishi Electric,MUZ-LN35VG2/MSZ-LN35VG2R,Non-Ducted,Single split system,Wall Hung,Class 8,4.0,3.5,4.251,4.858,4.813,5.168,4.62,5.027,7.234,6.722,6.052,5.751,0.0,0.0,0.0,0.0,0.0,0.0,0.0,0.0,R-32,Approved,,31/05/2023,
6D,Mitsubishi Electric,MUZ-LN35VG2/MSZ-LN35VG2V,Non-Ducted,Single split system,Wall Hung,Class 8,4.0,3.5,4.251,4.858,4.813,5.168,4.62,5.027,7.234,6.722,6.052,5.751,0.0,0.0,0.0,0.0,0.0,0.0,0.0,0.0,R-32,Approved,,31/05/2023,
6E(i),Mitsubishi Electric,MUZ-LN50VG2/MSZ-LN50VG2B,Non-Ducted,Single split system,Wall Hung,Class 9,6.0,5.0,3.614,4.045,4.099,4.488,3.866,4.32,6.418,5.936,5.379,5.067,0.0,0.0,0.0,0.0,0.0,0.0,0.0,0.0,R-32,Approved,,31/05/2023,
6E(i),Mitsubishi Electric,MUZ-LN50VG2/MSZ-LN50VG2R,Non-Ducted,Single split system,Wall Hung,Class 9,6.0,5.0,3.614,4.045,4.099,4.488,3.866,4.32,6.418,5.936,5.379,5.067,0.0,0.0,0.0,0.0,0.0,0.0,0.0,0.0,R-32,Approved,,31/05/2023,
6E(i),Mitsubishi Electric,MUZ-LN50VG2/MSZ-LN50VG2V,Non-Ducted,Single split system,Wall Hung,Class 9,6.0,5.0,3.614,4.045,4.099,4.488,3.866,4.32,6.418,5.936,5.379,5.067,0.0,0.0,0.0,0.0,0.0,0.0,0.0,0.0,R-32,Approved,,31/05/2023,
6E(i),Mitsubishi Electric,MUZ-LN50VG3/MSZ-LN50VG3B,Non-Ducted,Single split system,Wall Hung,Class 9,6.0,5.0,3.614,4.045,4.099,4.488,3.866,4.32,6.418,5.936,5.379,5.067,0.0,0.0,0.0,0.0,0.0,0.0,0.0,0.0,R-32,Approved,,31/05/2023,
6E(i),Mitsubishi Electric,MUZ-LN50VG3/MSZ-LN50VG3R,Non-Ducted,Single split system,Wall Hung,Class 9,6.0,5.0,3.614,4.045,4.099,4.488,3.866,4.32,6.418,5.936,5.379,5.067,0.0,0.0,0.0,0.0,0.0,0.0,0.0,0.0,R-32,Approved,,31/05/2023,
6E(i),Mitsubishi Electric,MUZ-LN50VG3/MSZ-LN50VG3V,Non-Ducted,Single split system,Wall Hung,Class 9,6.0,5.0,3.614,4.045,4.099,4.488,3.866,4.32,6.418,5.936,5.379,5.067,0.0,0.0,0.0,0.0,0.0,0.0,0.0,0.0,R-32,Approved,,31/05/2023,
6E(i),Mitsubishi Electric,MXZ-2F52VF,Non-Ducted,Multiple split - fixed head,,Class 19,6.1,5.2,3.723,4.048,4.329,4.941,3.94,4.642,6.44,6.001,5.155,4.954,0.0,0.0,0.0,0.0,0.0,0.0,0.0,0.0,R-32,Approved,,31/05/2023,
6E(i),Mitsubishi Electric,MXZ-2F52VGD,Non-Ducted,Multiple split - fixed head,,Class 19,6.1,5.2,3.732,4.168,4.522,4.946,4.237,4.715,6.167,5.762,5.042,4.853,0.0,0.0,0.0,0.0,0.0,0.0,0.0,0.0,R-32,Approved,,31/05/2023,
6E(i),Mitsubishi Electric,MXZ-3F54VGD,Non-Ducted,Multiple split - fixed head,,Class 19,7.0,5.4,4.262,4.838,4.601,5.099,4.349,4.949,6.792,6.376,5.495,5.341,0.0,0.0,0.0,0.0,0.0,0.0,0.0,0.0,R-32,Approved,,31/05/2023,
6E(ii),Mitsubishi Electric,MXZ-4F71VGD,Non-Ducted,Multiple split - fixed head,,Class 19,8.0,7.1,3.926,4.738,4.522,5.045,4.25,4.879,6.675,6.223,5.411,5.196,0.0,0.0,0.0,0.0,0.0,0.0,0.0,0.0,R-32,Approved,,31/05/2023,
6E(ii),Mitsubishi Electric,MXZ-4F80VGD,Non-Ducted,Multiple split - fixed head,,Class 19,8.8,8.0,3.999,5.176,4.798,5.51,4.443,5.305,6.833,6.368,5.538,5.313,0.0,0.0,0.0,0.0,0.0,0.0,0.0,0.0,R-32,Approved,,31/05/2023,
6F,Mitsubishi Electric,MXZ-5F100VGD,Non-Ducted,Multiple split - fixed head,,Class 20,10.0,10.0,3.492,4.776,4.521,5.255,4.125,4.997,6.481,5.988,5.221,4.94,0.0,0.0,0.0,0.0,0.0,0.0,0.0,0.0,R-32,Approved,,31/05/2023,
6F,Mitsubishi Electric,MXZ-6F120VGD,Non-Ducted,Multiple split - fixed head,,Class 20,13.2,12.0,3.614,4.37,3.934,4.539,3.6,4.331,6.916,6.363,5.606,5.261,0.0,0.0,0.0,0.0,0.0,0.0,0.0,0.0,R-32,Approved,,31/05/2023,
6B(i),Mitsubishi Electric,PUZ-ZM160VKA-A / PEA-M160HAA,Ducted,Single split system,Floor/Ceiling,Class 11,18.0,16.0,3.175,3.855,3.931,4.394,3.616,4.158,9.134,7.111,4.69,4.543,0.0,0.0,0.0,0.0,0.0,0.0,0.0,0.0,R-32,Approved,,31/05/2023,
6B(i),Mitsubishi Electric,PUZ-ZM160YKA-A / PEA-M160HAA,Ducted,Single split system,Floor/Ceiling,Class 11,18.0,16.0,3.164,3.841,3.931,4.394,3.616,4.158,8.959,7.021,4.561,4.447,0.0,0.0,0.0,0.0,0.0,0.0,0.0,0.0,R-32,Approved,,31/05/2023,
6B(i),Mitsubishi Electric,PUZ-ZM180VKA-A / PEA-M180LAA,Ducted,Single split system,Floor/Ceiling,Class 11,20.0,18.0,3.201,3.844,3.911,4.396,3.583,4.18,6.13,5.53,4.232,4.155,0.0,0.0,0.0,0.0,0.0,0.0,0.0,0.0,R-32,Approved,,31/05/2023,
6B(i),Mitsubishi Electric,PUZ-ZM180YKA-A / PEA-M180LAA,Ducted,Single split system,Floor/Ceiling,Class 11,20.0,18.0,3.202,3.845,3.911,4.396,3.583,4.18,6.133,5.532,4.236,4.158,0.0,0.0,0.0,0.0,0.0,0.0,0.0,0.0,R-32,Approved,,31/05/2023,
6B(i),Mitsubishi Electric,PUZ-ZM200YKA-A / PEA-M200LAA,Ducted,Single split system,Floor/Ceiling,Class 11,22.4,20.0,3.074,3.729,3.7,4.096,3.414,3.789,6.364,5.611,4.252,4.137,0.0,0.0,0.0,0.0,0.0,0.0,0.0,0.0,R-32,Approved,,31/05/2023,
6F,Mitsubishi Heavy Industries,SCM100ZS-W,Non-Ducted,Multiple split - variable refrigerant flow,Wall Hung,Class 20,10.5,10.0,3.668,4.364,4.568,5.222,4.169,4.923,6.634,6.149,5.33,5.073,0.0,0.0,0.0,0.0,0.0,0.0,0.0,0.0,R-32,Pending Assessment,08/09/2023,,
6E(i),Mitsubishi Heavy Industries,SCM40ZS-W/SRK20ZSXA-W x 2,Non-Ducted,Multiple split - variable refrigerant flow,Wall Hung,Class 19,4.5,4.0,4.915,5.333,0.0,0.0,0.0,0.0,0.0,0.0,0.0,0.0,5.52,6.24,5.082,5.845,9.162,8.218,6.793,6.552,R-32,Pending Assessment,08/09/2023,,
6E(i),Mitsubishi Heavy Industries,SCM45ZS-W / SRK20ZSXA-W/SRK25ZSXA-W,Non-Ducted,Multiple split - variable refrigerant flow,Wall Hung,Class 19,5.3,4.5,4.621,4.936,0.0,0.0,0.0,0.0,0.0,0.0,0.0,0.0,5.109,5.775,4.704,5.41,8.614,7.726,6.386,6.16,R-32,Pending Assessment,08/09/2023,,
6E(i),Mitsubishi Heavy Industries,SCM50ZS-W/SRK20ZSXA-W,Non-Ducted,Multiple split - variable refrigerant flow,Wall Hung,Class 19,6.0,5.0,4.828,5.104,4.715,5.047,4.589,4.984,7.158,6.761,5.832,5.725,0.0,0.0,0.0,0.0,0.0,0.0,0.0,0.0,R-32,Pending Assessment,08/09/2023,,
6E(i),Mitsubishi Heavy Industries,SCM60ZS-W/SRK20ZSXA-W,Non-Ducted,Multiple split - variable refrigerant flow,Wall Hung,Class 19,6.8,6.0,4.492,4.804,4.589,5.05,4.356,4.91,6.685,6.302,5.525,5.397,0.0,0.0,0.0,0.0,0.0,0.0,0.0,0.0,R-32,Pending Assessment,08/09/2023,,
6E(ii),Mitsubishi Heavy Industries,SCM71ZS-W/SRK20ZSXA-W,Non-Ducted,Multiple split - variable refrigerant flow,Wall Hung,Class 19,8.6,7.1,4.919,4.849,4.433,4.925,4.129,4.693,7.043,6.671,5.749,5.672,0.0,0.0,0.0,0.0,0.0,0.0,0.0,0.0,R-32,Pending Assessment,08/09/2023,,
6E(ii),Mitsubishi Heavy Industries,SCM80ZS-W/SRK20ZSXA-W,Non-Ducted,Multiple split - variable refrigerant flow,Wall Hung,Class 19,9.3,8.0,4.642,4.713,4.362,4.832,4.08,4.623,6.639,6.282,5.483,5.391,0.0,0.0,0.0,0.0,0.0,0.0,0.0,0.0,R-32,Pending Assessment,08/09/2023,,
6D,Mitsubishi Heavy Industries,DXC06ZSA-W / DXK06ZSA-W,Non-Ducted,Single split system,Wall Hung,Class 8,2.7,2.0,4.75,4.728,4.839,5.157,4.655,5.013,7.255,6.875,5.589,5.554,0.0,0.0,0.0,0.0,0.0,0.0,0.0,0.0,R-32,Approved,,31/05/2023,
6E(i),Mitsubishi Heavy Industries,DXC21ZRA-W/ DXK21ZRA-W,Non-Ducted,Single split system,Wall Hung,Class 9,7.1,6.3,3.963,4.411,4.551,5.023,4.265,4.812,6.461,6.032,5.392,5.168,0.0,0.0,0.0,0.0,0.0,0.0,0.0,0.0,R-32,Approved,,31/05/2023,
6E(ii),Mitsubishi Heavy Industries,DXC24ZRA-W / DXK24ZRA-W,Non-Ducted,Single split system,Wall Hung,Class 9,8.0,7.1,3.839,3.942,4.164,4.586,3.892,4.376,6.296,5.873,5.274,5.044,0.0,0.0,0.0,0.0,0.0,0.0,0.0,0.0,R-32,Pending Assessment,08/09/2023,,
6E(ii),Mitsubishi Heavy Industries,DXC28ZRA-W / DXK28ZRA-W,Non-Ducted,Single split system,Wall Hung,Class 9,9.0,8.0,3.587,3.734,4.069,4.567,3.737,4.304,6.254,5.801,5.199,4.928,0.0,0.0,0.0,0.0,0.0,0.0,0.0,0.0,R-32,Pending Assessment,08/09/2023,,
6E(ii),Mitsubishi Heavy Industries,DXC33ZRA-W /DXK33ZRA-W,Non-Ducted,Single split system,Wall Hung,Class 9,10.3,9.5,3.696,3.886,4.261,4.755,3.929,4.49,6.032,5.625,5.086,4.858,0.0,0.0,0.0,0.0,0.0,0.0,0.0,0.0,R-32,Pending Assessment,08/09/2023,,
6B(i),Mitsubishi Heavy Industries,FDC100VNP-W / FDU100VH,Ducted,Single split system,,Class 11,10.0,10.0,3.22,4.039,3.86,4.524,3.65,4.28,5.343,4.987,4.393,4.218,0.0,0.0,0.0,0.0,0.0,0.0,0.0,0.0,R-32,Approved,,31/05/2023,
6B(i),Mitsubishi Heavy Industries,FDC100VNP-W / FDUA100VH,Ducted,Single split system,,Class 11,10.0,10.0,3.314,3.849,3.705,4.36,3.482,4.1,5.706,5.311,4.639,4.439,0.0,0.0,0.0,0.0,0.0,0.0,0.0,0.0,R-32,Approved,,31/05/2023,
6B(i),Mitsubishi Heavy Industries,FDCA100VNA-W / FDU100VH,Ducted,Single split system,,Class 11,11.2,10.0,3.301,4.149,4.135,4.554,3.9,4.396,5.454,5.104,4.388,4.246,0.0,0.0,0.0,0.0,0.0,0.0,0.0,0.0,R-32,Approved,,31/05/2023,
6B(i),Mitsubishi Heavy Industries,FDCA100VNA-W / FDUA100VH,Ducted,Single split system,,Class 11,11.2,10.0,3.235,3.847,4.032,4.437,3.781,4.25,5.555,5.183,4.426,4.266,0.0,0.0,0.0,0.0,0.0,0.0,0.0,0.0,R-32,Approved,,31/05/2023,
6B(i),Mitsubishi Heavy Industries,FDCA100VNP-W / FDU100VH,Ducted,Single split system,,Class 11,10.0,10.0,3.22,4.039,3.86,4.524,3.65,4.28,5.343,4.987,4.393,4.218,0.0,0.0,0.0,0.0,0.0,0.0,0.0,0.0,R-32,Approved,,31/05/2023,
6B(i),Mitsubishi Heavy Industries,FDCA100VNP-W / FDUA100VH,Ducted,Single split system,,Class 11,10.0,10.0,3.314,3.849,3.705,4.36,3.482,4.1,5.706,5.311,4.639,4.439,0.0,0.0,0.0,0.0,0.0,0.0,0.0,0.0,R-32,Approved,,31/05/2023,
6B(i),Mitsubishi Heavy Industries,FDCA100VSA-W / FDUA100VH,Ducted,Single split system,,Class 11,11.2,10.0,3.23,3.841,4.032,4.437,3.781,4.25,5.525,5.161,4.374,4.227,0.0,0.0,0.0,0.0,0.0,0.0,0.0,0.0,R-32,Approved,,31/05/2023,
6F,Mitsubishi Heavy Industries,FDCA125VNX-W / FDT125VH,Non-Ducted,Single split system,Casette,Class 11,14.0,12.5,3.827,4.016,4.392,4.836,4.095,4.597,5.714,5.4,4.602,4.529,0.0,0.0,0.0,0.0,0.0,0.0,0.0,0.0,R-32,Approved,,31/05/2023,
6E(ii),Mitsubishi Heavy Industries,FDCA71VNX-W / FDT71VH,Non-Ducted,Single split system,Casette,Class 9,8.0,7.1,4.095,4.46,4.581,5.135,4.261,4.91,6.499,6.139,4.983,4.928,0.0,0.0,0.0,0.0,0.0,0.0,0.0,0.0,R-32,Pending Assessment,08/09/2023,,
6D,Mitsubishi Heavy Industries,SRC20ZSA-W / SRK20ZSA-W,Non-Ducted,Single split system,Wall Hung,Class 8,2.7,2.0,4.75,4.728,4.839,5.157,4.655,5.013,7.255,6.875,5.589,5.554,0.0,0.0,0.0,0.0,0.0,0.0,0.0,0.0,R-32,Approved,,31/05/2023,
6D,Mitsubishi Heavy Industries,SRC20ZSXA-W / SRK20ZSXA-W,Non-Ducted,Single split system,Wall Hung,Class 8,2.7,2.0,6.252,5.626,5.516,5.842,5.355,5.732,7.839,7.529,6.221,6.31,0.0,0.0,0.0,0.0,0.0,0.0,0.0,0.0,R-32,Approved,,31/05/2023,
6D,Mitsubishi Heavy Industries,SRC25ZSXA-W / SRK25ZSXA-W,Non-Ducted,Single split system,Wall Hung,Class 8,3.2,2.5,5.556,5.334,5.387,5.592,5.182,5.745,7.685,7.315,6.166,6.148,0.0,0.0,0.0,0.0,0.0,0.0,0.0,0.0,R-32,Approved,,31/05/2023,
6D,Mitsubishi Heavy Industries,SRC35ZSXA-W / SRK35ZSXA-W,Non-Ducted,Single split system,Wall Hung,Class 8,4.3,3.5,4.667,4.726,4.929,5.393,4.647,5.176,7.584,7.108,6.114,5.929,0.0,0.0,0.0,0.0,0.0,0.0,0.0,0.0,R-32,Approved,,31/05/2023,
6E(i),Mitsubishi Heavy Industries,SRC50ZSXA-W / SRK50ZSXA-W,Non-Ducted,Single split system,Wall Hung,Class 9,6.0,5.0,4.003,4.383,4.502,4.979,4.216,4.77,6.488,6.064,5.388,5.178,0.0,0.0,0.0,0.0,0.0,0.0,0.0,0.0,R-32,Approved,,31/05/2023,
6E(i),Mitsubishi Heavy Industries,SRC60ZSXA-W / FDT60VH,Non-Ducted,Single split system,Casette,Class 9,6.7,5.6,4.172,4.261,4.792,5.353,4.41,5.04,6.936,6.475,5.678,5.457,0.0,0.0,0.0,0.0,0.0,0.0,0.0,0.0,R-32,Approved,,31/05/2023,
6E(i),Mitsubishi Heavy Industries,SRC60ZSXA-W / SRK60ZSXA-W,Non-Ducted,Single split system,Wall Hung,Class 9,6.8,6.1,3.548,4.099,4.364,4.876,4.037,4.625,6.096,5.664,5.061,4.813,0.0,0.0,0.0,0.0,0.0,0.0,0.0,0.0,R-32,Approved,,31/05/2023,
6E(i),Mitsubishi Heavy Industries,SRC63ZRA-W / SRK63ZRA-W,Non-Ducted,Single split system,Wall Hung,Class 9,7.1,6.3,3.963,4.411,4.551,5.023,4.265,4.812,6.461,6.032,5.392,5.168,0.0,0.0,0.0,0.0,0.0,0.0,0.0,0.0,R-32,Approved,,31/05/2023,
6E(ii),Mitsubishi Heavy Industries,SRC71ZRA-W / SRK71ZRA-W,Non-Ducted,Single split system,Wall Hung,Class 9,8.0,7.1,3.839,3.942,4.164,4.586,3.892,4.376,6.296,5.873,5.274,5.044,0.0,0.0,0.0,0.0,0.0,0.0,0.0,0.0,R-32,Pending Assessment,08/09/2023,,
6E(ii),Mitsubishi Heavy Industries,SRC80ZRA-W / SRK80ZRA-W,Non-Ducted,Single split system,Wall Hung,Class 9,9.0,8.0,3.587,3.734,4.069,4.567,3.737,4.304,6.254,5.801,5.199,4.928,0.0,0.0,0.0,0.0,0.0,0.0,0.0,0.0,R-32,Pending Assessment,08/09/2023,,
6E(ii),Mitsubishi Heavy Industries,SRC95ZRA-W / SRK95ZRA-W,Non-Ducted,Single split system,Wall Hung,Class 9,10.3,9.5,3.696,3.886,4.261,4.755,3.929,4.49,6.032,5.625,5.086,4.858,0.0,0.0,0.0,0.0,0.0,0.0,0.0,0.0,R-32,Pending Assessment,08/09/2023,,
6E(i),Panasonic,CU-2Z52VBR / CS-RZ25VKRW,Non-Ducted,Multiple split - fixed head,,Class 19,6.1,5.2,3.793,4.206,0.0,0.0,0.0,0.0,0.0,0.0,0.0,0.0,4.353,4.921,4.008,4.61,7.07,6.342,5.242,5.056,R-32,Approved,,31/05/2023,
6E(i),Panasonic,CU-3Z54VBR,Non-Ducted,Multiple split - fixed head,,Class 19,7.0,5.4,4.74,4.49,0.0,0.0,0.0,0.0,0.0,0.0,0.0,0.0,4.647,5.253,4.279,4.921,8.835,7.925,6.551,6.318,R-32,Approved,,31/05/2023,
6E(ii),Panasonic,CU-4Z71VBR,Non-Ducted,Multiple split - fixed head,,Class 19,8.5,7.1,4.228,4.317,0.0,0.0,0.0,0.0,0.0,0.0,0.0,0.0,4.468,5.051,4.114,4.731,7.881,7.069,5.843,5.636,R-32,Approved,,31/05/2023,
6E(ii),Panasonic,CU-4Z80VBR / CS-MRZ20VKR,Non-Ducted,Multiple split - fixed head,,Class 19,9.4,8.0,3.996,4.582,0.0,0.0,0.0,0.0,0.0,0.0,0.0,0.0,4.742,5.361,4.367,5.022,7.449,6.681,5.523,5.327,R-32,Approved,,31/05/2023,
6F,Panasonic,CU-5Z100VBR,Non-Ducted,Multiple split - fixed head,,Class 20,12.0,10.0,3.814,4.314,0.0,0.0,0.0,0.0,0.0,0.0,0.0,0.0,4.232,4.84,3.848,4.465,6.602,6.095,4.901,4.798,R-32,Approved,,31/05/2023,
6D,Panasonic,CU-HZ25YKR / CS-HZ25YKR,Non-Ducted,Single split system,Wall Hung,Class 8,3.2,2.5,5.016,5.092,4.884,5.315,4.676,5.189,9.963,8.709,6.636,6.48,0.0,0.0,0.0,0.0,0.0,0.0,0.0,0.0,R-32,Approved,,31/05/2023,
6D,Panasonic,CU-HZ35YKR / CS-HZ35YKR,Non-Ducted,Single split system,Wall Hung,Class 8,4.1,3.5,4.439,4.667,4.931,5.55,4.553,5.265,11.426,9.49,6.8,6.525,0.0,0.0,0.0,0.0,0.0,0.0,0.0,0.0,R-32,Approved,,31/05/2023,
6E(i),Panasonic,CU-HZ50YKR / CS-HZ50YKR,Non-Ducted,Single split system,Wall Hung,Class 9,6.0,5.0,4.037,4.45,4.652,5.181,4.287,4.884,11.476,9.145,6.532,6.193,0.0,0.0,0.0,0.0,0.0,0.0,0.0,0.0,R-32,Approved,,31/05/2023,
6E(ii),Panasonic,CU-HZ71YKR / CS-HZ71YKR,Non-Ducted,Single split system,Wall Hung,Class 9,8.0,7.1,3.663,4.236,4.446,1.914,4.152,4.691,8.395,7.21,5.884,5.506,0.0,0.0,0.0,0.0,0.0,0.0,0.0,0.0,R-32,Approved,,31/05/2023,
6E(ii),Panasonic,CU-HZ80YKR / CS-HZ80YKR,Non-Ducted,Single split system,Wall Hung,Class 9,9.0,8.0,3.336,3.832,4.256,4.739,3.899,4.465,7.526,6.622,5.494,5.128,0.0,0.0,0.0,0.0,0.0,0.0,0.0,0.0,R-32,Approved,,31/05/2023,
6D,Panasonic,CU-RZ35XKR / CS-RZ35XKRW,Non-Ducted,Single split system,Wall Hung,Class 8,4.0,3.5,4.329,4.606,4.545,5.085,4.245,4.886,9.397,8.051,6.183,5.952,0.0,0.0,0.0,0.0,0.0,0.0,0.0,0.0,R-32,Approved,,31/05/2023,
6E(i),Panasonic,CU-RZ60XKR / CS-RZ60XKRW,Non-Ducted,Single split system,Wall Hung,Class 9,6.5,6.0,3.228,3.424,4.346,4.92,3.907,4.522,8.758,7.153,5.463,5.089,0.0,0.0,0.0,0.0,0.0,0.0,0.0,0.0,R-32,Approved,,31/05/2023,
6E(ii),Panasonic,CU-RZ71XKR / CS-RZ71XKRW,Non-Ducted,Single split system,Wall Hung,Class 9,8.0,7.1,3.433,3.812,4.195,4.747,3.828,4.453,7.992,6.825,5.399,5.096,0.0,0.0,0.0,0.0,0.0,0.0,0.0,0.0,R-32,Approved,,31/05/2023,
6E(ii),Panasonic,CU-RZ80XKR / CS-RZ80XKR,Non-Ducted,Single split system,Wall Hung,Class 9,9.0,8.0,3.263,3.641,4.139,4.601,3.782,4.312,7.776,6.751,5.343,5.027,0.0,0.0,0.0,0.0,0.0,0.0,0.0,0.0,R-32,Approved,,31/05/2023,
6E(ii),Panasonic,CU-RZ80YKR / CS-RZ80YKR,Non-Ducted,Single split system,Wall Hung,Class 9,9.0,8.0,3.336,3.832,4.256,4.739,3.899,4.465,7.526,6.622,5.494,5.128,0.0,0.0,0.0,0.0,0.0,0.0,0.0,0.0,R-32,Approved,,31/05/2023,
6D,Panasonic,CU-Z35XKR / CS-Z35XKRW,Non-Ducted,Single split system,Wall Hung,Class 8,4.0,3.5,4.329,4.606,4.545,5.085,4.245,4.886,9.397,8.051,6.183,5.952,0.0,0.0,0.0,0.0,0.0,0.0,0.0,0.0,R-32,Approved,,31/05/2023,
6E(i),Panasonic,CU-Z50XKR-1 / CS-Z50XKRW-1,Non-Ducted,Single split system,Wall Hung,Class 9,6.0,5.0,3.792,4.2,4.426,4.937,4.105,4.695,9.607,8.079,6.15,5.805,0.0,0.0,0.0,0.0,0.0,0.0,0.0,0.0,R-32,Approved,,31/05/2023,
6E(i),Panasonic,CU-Z60XKR / CS-Z60XKRW,Non-Ducted,Single split system,Wall Hung,Class 9,6.5,6.0,3.228,3.424,4.346,4.92,3.907,4.522,8.758,7.153,5.463,5.089,0.0,0.0,0.0,0.0,0.0,0.0,0.0,0.0,R-32,Approved,,31/05/2023,
6E(ii),Panasonic,CU-Z71XKR / CS-Z71XKRW,Non-Ducted,Single split system,Wall Hung,Class 9,8.0,7.1,3.433,3.812,4.195,4.747,3.828,4.453,7.992,6.825,5.399,5.096,0.0,0.0,0.0,0.0,0.0,0.0,0.0,0.0,R-32,Approved,,31/05/2023,
6E(ii),Panasonic,CU-Z71XKR-1 / CS-Z71XKR-1,Non-Ducted,Single split system,Wall Hung,Class 9,8.0,7.1,3.663,4.236,4.446,4.914,4.152,4.691,8.395,7.21,5.884,5.506,0.0,0.0,0.0,0.0,0.0,0.0,0.0,0.0,R-32,Approved,,31/05/2023,
6E(ii),Panasonic,CU-Z80XKR / CS-Z80XKR,Non-Ducted,Single split system,Wall Hung,Class 9,9.0,8.0,3.263,3.641,4.139,4.601,3.782,4.312,7.776,6.751,5.343,5.027,0.0,0.0,0.0,0.0,0.0,0.0,0.0,0.0,R-32,Approved,,31/05/2023,
6E(ii),Panasonic,CU-Z80YKR / CS-Z80YKR,Non-Ducted,Single split system,Wall Hung,Class 9,9.0,8.0,3.336,3.832,4.256,4.739,3.899,4.465,7.526,6.622,5.494,5.128,0.0,0.0,0.0,0.0,0.0,0.0,0.0,0.0,R-32,Approved,,31/05/2023,
6A,Panasonic,U-100PZ3R5 / S-1014PF3E,Ducted,Single split system,,Class 10,9.5,9.5,3.487,3.985,4.31,4.683,4.059,4.52,6.487,5.912,4.622,4.517,0.0,0.0,0.0,0.0,0.0,0.0,0.0,0.0,R-32,Approved,,31/05/2023,
6F,Panasonic,U-100PZ3R5 / S-1014PU3E,Non-Ducted,Single split system,Casette,Class 11,10.0,10.0,3.725,4.775,4.782,5.107,4.623,5.058,7.938,7.05,5.096,5.004,0.0,0.0,0.0,0.0,0.0,0.0,0.0,0.0,R-32,Approved,,31/05/2023,
6B(i),Panasonic,U-100PZ3R5/S-100PE3R,Ducted,Single split system,,Class 11,10.0,10.0,3.52,3.999,3.611,3.8,3.556,3.813,5.283,4.987,4.238,4.175,0.0,0.0,0.0,0.0,0.0,0.0,0.0,0.0,R-32,Approved,,31/05/2023,
6F,Panasonic,U-100PZ3R5/S-1014PT3E,Non-Ducted,Single split system,Under Ceiling,Class 11,10.0,10.0,3.558,4.131,4.573,5.144,4.156,4.787,6.634,6.127,4.708,4.639,0.0,0.0,0.0,0.0,0.0,0.0,0.0,0.0,R-32,Approved,,31/05/2023,
6A,Panasonic,U-100PZ3R8 / S-1014PF3E,Ducted,Single split system,,Class 10,9.5,9.5,3.487,3.985,4.31,4.683,4.059,4.52,6.487,5.912,4.622,4.517,0.0,0.0,0.0,0.0,0.0,0.0,0.0,0.0,R-32,Approved,,31/05/2023,
6F,Panasonic,U-100PZ3R8 / S-1014PU3E,Non-Ducted,Single split system,Casette,Class 11,10.0,10.0,3.725,4.775,4.782,5.107,4.623,5.058,7.938,7.05,5.096,5.004,0.0,0.0,0.0,0.0,0.0,0.0,0.0,0.0,R-32,Approved,,31/05/2023,
6B(i),Panasonic,U-100PZ3R8/S-100PE3R,Ducted,Single split system,,Class 11,10.0,10.0,3.52,3.999,3.611,3.8,3.556,3.813,5.283,4.987,4.238,4.175,0.0,0.0,0.0,0.0,0.0,0.0,0.0,0.0,R-32,Approved,,31/05/2023,
6F,Panasonic,U-100PZ3R8/S-1014PT3E,Non-Ducted,Single split system,Under Ceiling,Class 11,10.0,10.0,3.558,4.131,4.573,5.144,4.156,4.787,6.634,6.127,4.708,4.639,0.0,0.0,0.0,0.0,0.0,0.0,0.0,0.0,R-32,Approved,,31/05/2023,
6B(i),Panasonic,U-100PZH3R5/S-100PE3R,Ducted,Single split system,,Class 11,11.2,10.0,3.716,3.72,4.321,4.733,3.936,4.349,5.872,5.472,4.541,4.468,0.0,0.0,0.0,0.0,0.0,0.0,0.0,0.0,R-32,Approved,,31/05/2023,
6A,Panasonic,U-100PZH3R5/S-1014PF3E,Ducted,Single split system,,Class 10,10.8,9.5,4.076,3.898,4.654,5.13,4.218,4.704,7.287,6.755,5.293,5.212,0.0,0.0,0.0,0.0,0.0,0.0,0.0,0.0,R-32,Approved,,31/05/2023,
6E(ii),Panasonic,U-100PZH3R5/S-1014PT3E,Non-Ducted,Single split system,Under Ceiling,Class 9,11.2,9.5,4.047,4.004,4.668,5.181,4.218,4.741,7.545,6.956,5.337,5.253,0.0,0.0,0.0,0.0,0.0,0.0,0.0,0.0,R-32,Approved,,31/05/2023,
6F,Panasonic,U-100PZH3R5/S-1014PU3E,Non-Ducted,Single split system,Casette,Class 11,11.2,10.0,4.322,4.904,4.922,5.358,4.638,5.151,7.695,7.097,5.641,5.536,0.0,0.0,0.0,0.0,0.0,0.0,0.0,0.0,R-32,Approved,,31/05/2023,
6B(i),Panasonic,U-100PZH3R8/S-100PE3R,Ducted,Single split system,,Class 11,11.2,10.0,3.716,3.72,4.321,4.733,3.936,4.349,5.872,5.472,4.541,4.468,0.0,0.0,0.0,0.0,0.0,0.0,0.0,0.0,R-32,Approved,,31/05/2023,
6A,Panasonic,U-100PZH3R8/S-1014PF3E,Ducted,Single split system,,Class 10,10.8,9.5,4.076,3.898,4.654,5.13,4.218,4.704,7.287,6.755,5.293,5.212,0.0,0.0,0.0,0.0,0.0,0.0,0.0,0.0,R-32,Approved,,31/05/2023,
6E(ii),Panasonic,U-100PZH3R8/S-1014PT3E,Non-Ducted,Single split system,Under Ceiling,Class 9,11.2,9.5,4.047,4.004,4.668,5.181,4.218,4.741,7.545,6.956,5.337,5.253,0.0,0.0,0.0,0.0,0.0,0.0,0.0,0.0,R-32,Approved,,31/05/2023,
6F,Panasonic,U-100PZH3R8/S-1014PU3E,Non-Ducted,Single split system,Casette,Class 11,11.2,10.0,4.322,4.904,4.922,5.358,4.638,5.151,7.695,7.097,5.641,5.536,0.0,0.0,0.0,0.0,0.0,0.0,0.0,0.0,R-32,Approved,,31/05/2023,
6B(i),Panasonic,U-125PZ3R5 / S-1014PF3E,Ducted,Single split system,,Class 11,12.1,12.1,3.339,3.493,4.1,4.604,3.682,4.212,6.359,5.806,4.516,4.418,0.0,0.0,0.0,0.0,0.0,0.0,0.0,0.0,R-32,Approved,,31/05/2023,
6F,Panasonic,U-125PZ3R5 / S-1014PU3E,Non-Ducted,Single split system,Casette,Class 11,12.5,12.5,3.517,4.334,4.53,5.107,4.165,4.87,6.945,6.287,4.853,4.731,0.0,0.0,0.0,0.0,0.0,0.0,0.0,0.0,R-32,Pending Assessment,08/08/2023,,
6B(i),Panasonic,U-125PZ3R5/S-125PE3R,Ducted,Single split system,,Class 11,12.5,12.5,3.501,3.967,3.525,3.732,3.474,3.797,5.206,4.889,4.26,4.168,0.0,0.0,0.0,0.0,0.0,0.0,0.0,0.0,R-32,Approved,,31/05/2023,
6B(i),Panasonic,U-125PZ3R8 / S-1014PF3E,Ducted,Single split system,,Class 11,12.1,12.1,3.339,3.493,4.1,4.604,3.682,4.212,6.359,5.806,4.516,4.418,0.0,0.0,0.0,0.0,0.0,0.0,0.0,0.0,R-32,Approved,,31/05/2023,
6F,Panasonic,U-125PZ3R8 / S-1014PU3E,Non-Ducted,Single split system,Casette,Class 11,12.5,12.5,3.517,4.334,4.53,5.107,4.165,4.87,6.945,6.287,4.853,4.731,0.0,0.0,0.0,0.0,0.0,0.0,0.0,0.0,R-32,Pending Assessment,08/08/2023,,
6B(i),Panasonic,U-125PZ3R8/S-125PE3R,Ducted,Single split system,,Class 11,12.5,12.5,3.501,3.967,3.525,3.732,3.474,3.797,5.206,4.889,4.26,4.168,0.0,0.0,0.0,0.0,0.0,0.0,0.0,0.0,R-32,Approved,,31/05/2023,
6B(i),Panasonic,U-125PZH3R5/S-1014PF3E,Ducted,Single split system,,Class 11,13.5,12.1,3.527,3.417,4.311,4.873,3.797,4.324,6.881,6.308,5.03,4.867,0.0,0.0,0.0,0.0,0.0,0.0,0.0,0.0,R-32,Approved,,31/05/2023,
6F,Panasonic,U-125PZH3R5/S-1014PT3E,Non-Ducted,Single split system,Under Ceiling,Class 11,14.0,12.1,3.45,3.726,4.357,4.975,3.849,4.44,7.033,6.41,5.034,4.858,0.0,0.0,0.0,0.0,0.0,0.0,0.0,0.0,R-32,Approved,,31/05/2023,
6F,Panasonic,U-125PZH3R5/S-1014PU3E,Non-Ducted,Single split system,Casette,Class 11,14.0,12.5,3.749,4.54,4.725,5.325,4.28,4.883,7.375,6.724,5.39,5.202,0.0,0.0,0.0,0.0,0.0,0.0,0.0,0.0,R-32,Pending Assessment,08/08/2023,,
6B(i),Panasonic,U-125PZH3R5/S-125PE3R,Ducted,Single split system,,Class 11,14.0,12.5,3.52,3.753,4.319,4.8,3.909,4.401,5.973,5.559,4.601,4.494,0.0,0.0,0.0,0.0,0.0,0.0,0.0,0.0,R-32,Approved,,31/05/2023,
6B(i),Panasonic,U-125PZH3R8/S-1014PF3E,Ducted,Single split system,,Class 11,13.5,12.1,3.527,3.417,4.311,4.873,3.797,4.324,6.881,6.308,5.03,4.867,0.0,0.0,0.0,0.0,0.0,0.0,0.0,0.0,R-32,Approved,,31/05/2023,
6F,Panasonic,U-125PZH3R8/S-1014PT3E,Non-Ducted,Single split system,Under Ceiling,Class 11,14.0,12.1,3.45,3.726,4.357,4.975,3.849,4.44,7.033,6.41,5.034,4.858,0.0,0.0,0.0,0.0,0.0,0.0,0.0,0.0,R-32,Approved,,31/05/2023,
6F,Panasonic,U-125PZH3R8/S-1014PU3E,Non-Ducted,Single split system,Casette,Class 11,14.0,12.5,3.749,4.54,4.725,5.325,4.28,4.883,7.375,6.724,5.39,5.202,0.0,0.0,0.0,0.0,0.0,0.0,0.0,0.0,R-32,Pending Assessment,08/08/2023,,
6B(i),Panasonic,U-125PZH3R8/S-125PE3R,Ducted,Single split system,,Class 11,14.0,12.5,3.52,3.753,4.319,4.8,3.909,4.401,5.973,5.559,4.601,4.494,0.0,0.0,0.0,0.0,0.0,0.0,0.0,0.0,R-32,Approved,,31/05/2023,
6B(i),Panasonic,U-140PZ3R5 / S-1014PF3E,Ducted,Single split system,,Class 11,13.4,13.4,3.113,3.697,4.051,4.586,3.632,4.176,6.398,5.777,4.468,4.33,0.0,0.0,0.0,0.0,0.0,0.0,0.0,0.0,R-32,Approved,,31/05/2023,
6F,Panasonic,U-140PZ3R5 / S-1014PU3E,Non-Ducted,Single split system,Casette,Class 11,14.0,14.0,3.179,4.101,4.398,5.033,3.974,4.717,6.89,6.186,4.688,4.535,0.0,0.0,0.0,0.0,0.0,0.0,0.0,0.0,R-32,Pending Assessment,08/08/2023,,
6B(i),Panasonic,U-140PZ3R8 / S-1014PF3E,Ducted,Single split system,,Class 11,13.4,13.4,3.113,3.697,4.051,4.586,3.632,4.176,6.398,5.777,4.468,4.33,0.0,0.0,0.0,0.0,0.0,0.0,0.0,0.0,R-32,Approved,,31/05/2023,
6F,Panasonic,U-140PZ3R8 / S-1014PU3E,Non-Ducted,Single split system,Casette,Class 11,14.0,14.0,3.179,4.101,4.398,5.033,3.974,4.717,6.89,6.186,4.688,4.535,0.0,0.0,0.0,0.0,0.0,0.0,0.0,0.0,R-32,Pending Assessment,08/08/2023,,
6B(i),Panasonic,U-140PZH3R5/S-1014PF3E,Ducted,Single split system,,Class 11,15.5,13.4,3.341,3.399,4.089,4.584,3.657,4.153,6.25,5.749,4.721,4.554,0.0,0.0,0.0,0.0,0.0,0.0,0.0,0.0,R-32,Approved,,31/05/2023,
6F,Panasonic,U-140PZH3R5/S-1014PU3E,Non-Ducted,Single split system,Casette,Class 11,16.0,14.0,3.37,4.251,4.535,5.258,4.014,4.716,7.106,6.436,5.17,4.933,0.0,0.0,0.0,0.0,0.0,0.0,0.0,0.0,R-32,Pending Assessment,08/08/2023,,
6B(i),Panasonic,U-140PZH3R8/S-1014PF3E,Ducted,Single split system,,Class 11,15.5,13.4,3.341,3.399,4.089,4.584,3.657,4.153,6.25,5.749,4.721,4.554,0.0,0.0,0.0,0.0,0.0,0.0,0.0,0.0,R-32,Approved,,31/05/2023,
6F,Panasonic,U-140PZH3R8/S-1014PU3E,Non-Ducted,Single split system,Casette,Class 11,16.0,14.0,3.37,4.251,4.535,5.258,4.014,4.716,7.106,6.436,5.17,4.933,0.0,0.0,0.0,0.0,0.0,0.0,0.0,0.0,R-32,Pending Assessment,08/08/2023,,
6E(i),Panasonic,U-60PZ3R5 / S-6071PU3E,Non-Ducted,Single split system,Casette,Class 9,6.0,6.0,3.757,4.389,5.064,5.97,4.45,5.444,6.75,6.285,5.23,5.043,0.0,0.0,0.0,0.0,0.0,0.0,0.0,0.0,R-32,Approved,,31/05/2023,
6E(ii),Panasonic,U-71PZ3R5 / S-6071PU3E,Non-Ducted,Single split system,Casette,Class 9,7.1,7.1,3.354,4.159,4.614,5.264,4.144,4.853,6.79,6.053,4.831,4.641,0.0,0.0,0.0,0.0,0.0,0.0,0.0,0.0,R-32,Approved,,31/05/2023,
6A,Panasonic,U-71PZH3R5 / S-6071PF3E,Ducted,Single split system,,Class 10,7.5,6.8,3.655,3.946,4.561,5.085,4.132,4.674,6.768,6.252,4.829,4.753,0.0,0.0,0.0,0.0,0.0,0.0,0.0,0.0,R-32,Approved,,31/05/2023,
6E(i),Panasonic,U-71PZH3R5/S-6071PT3E,Non-Ducted,Single split system,Under Ceiling,Class 9,8.0,6.8,3.812,3.876,4.533,5.189,4.004,4.634,7.553,6.923,5.245,5.133,0.0,0.0,0.0,0.0,0.0,0.0,0.0,0.0,R-32,Approved,,31/05/2023,
6E(ii),Panasonic,U-71PZH3R5/S-6071PU3E,Non-Ducted,Single split system,Casette,Class 9,8.0,7.1,3.958,4.202,4.63,5.307,4.114,4.772,7.417,6.839,5.161,5.104,0.0,0.0,0.0,0.0,0.0,0.0,0.0,0.0,R-32,Approved,,31/05/2023,
6F,Panasonic,U-10ME2R8,Non-Ducted,Variable refrigerant flow,,Class 20,31.5,28.0,3.643,4.312,5.097,6.914,4.204,5.499,8.152,7.224,4.955,4.932,0.0,0.0,0.0,0.0,0.0,0.0,0.0,0.0,R-410A,Pending Assessment,09/08/2023,,
6F,Panasonic,U-10MF3R7,Non-Ducted,Variable refrigerant flow,,Class 20,31.5,28.0,4.376,4.892,5.143,5.885,4.714,5.571,7.582,7.117,5.656,5.555,0.0,0.0,0.0,0.0,0.0,0.0,0.0,0.0,R-410A,Pending Assessment,09/08/2023,,
6F,Panasonic,U-12MF3R7,Non-Ducted,Variable refrigerant flow,,Class 20,37.5,33.5,3.833,4.418,0.0,0.0,0.0,0.0,0.0,0.0,0.0,0.0,4.334,4.956,3.94,4.572,6.636,6.126,4.926,4.822,R-410A,Pending Assessment,09/08/2023,,
6G,Panasonic,U-14ME2R8,Non-Ducted,Variable refrigerant flow,,Class 21,45.0,40.0,3.367,4.213,3.608,4.682,2.876,3.59,8.326,7.374,5.018,4.913,0.0,0.0,0.0,0.0,0.0,0.0,0.0,0.0,R-410A,Pending Assessment,09/08/2023,,
6G,Panasonic,U-14MF3R7,Non-Ducted,Variable refrigerant flow,,Class 21,45.0,40.0,3.601,4.088,4.512,5.267,4.035,4.887,6.184,5.814,4.596,4.527,0.0,0.0,0.0,0.0,0.0,0.0,0.0,0.0,R-410A,Pending Assessment,09/08/2023,,
6G,Panasonic,U-16ME2R8,Non-Ducted,Variable refrigerant flow,,Class 21,50.0,45.0,2.964,3.852,3.359,4.056,2.514,2.934,8.409,7.232,4.9,4.703,0.0,0.0,0.0,0.0,0.0,0.0,0.0,0.0,R-410A,Pending Assessment,09/08/2023,,
6G,Panasonic,U-16MF3R7,Non-Ducted,Variable refrigerant flow,,Class 21,50.0,45.0,3.407,4.063,0.0,0.0,0.0,0.0,0.0,0.0,0.0,0.0,3.035,3.518,0.0,0.0,5.325,4.981,0.0,0.0,R-410A,Pending Assessment,09/08/2023,,
6G,Panasonic,U-18ME2R8,Non-Ducted,Variable refrigerant flow,,Class 21,56.0,50.0,3.189,4.348,3.736,4.562,3.087,3.935,13.234,8.83,5.435,5.196,0.0,0.0,0.0,0.0,0.0,0.0,0.0,0.0,R-410A,Pending Assessment,09/08/2023,,
6F,Panasonic,U-8ME2R8,Non-Ducted,Variable refrigerant flow,,Class 20,25.0,22.4,3.78,5.713,6.639,7.547,5.944,6.839,7.929,7.143,4.98,4.962,0.0,0.0,0.0,0.0,0.0,0.0,0.0,0.0,R-410A,Pending Assessment,09/08/2023,,
6E(i),Rinnai,HONRJ50B / HINRJ50B,Non-Ducted,Single split system,Wall Hung,Class 9,5.2,5.2,4.042,4.106,4.173,4.608,3.882,4.38,11.077,8.625,6.146,5.887,0.0,0.0,0.0,0.0,0.0,0.0,0.0,0.0,R-32,Pending Assessment,07/08/2023,,
6E(i),Rinnai,HONRT50B / HINRT50B,Non-Ducted,Single split system,Wall Hung,Class 9,5.2,5.2,4.042,4.106,4.173,4.608,3.882,4.38,11.077,8.625,6.146,5.887,0.0,0.0,0.0,0.0,0.0,0.0,0.0,0.0,R-32,Pending Assessment,07/08/2023,,
6D,Rinnai,HSNRP26B,Non-Ducted,Single split system,,Class 8,2.7,2.65,4.981,5.273,0.0,0.0,0.0,0.0,0.0,0.0,0.0,0.0,5.183,5.7,4.878,5.468,9.967,8.612,6.829,6.635,R-32,Approved,,31/05/2023,
6D,Rinnai,HSNRP35B,Non-Ducted,Single split system,,Class 8,3.8,3.5,4.416,4.564,0.0,0.0,0.0,0.0,0.0,0.0,0.0,0.0,4.486,4.934,4.222,4.733,8.836,7.635,6.054,5.882,R-32,Approved,,31/05/2023,
6E(i),Rinnai,HSNRP50B,Non-Ducted,Single split system,,Class 9,5.4,5.0,3.896,4.02,0.0,0.0,0.0,0.0,0.0,0.0,0.0,0.0,4.161,4.703,3.831,4.406,7.262,6.514,5.384,5.193,R-32,Approved,,31/05/2023,
6E(ii),Rinnai,HSNRP70B,Non-Ducted,Single split system,,Class 9,7.8,7.15,3.717,3.913,0.0,0.0,0.0,0.0,0.0,0.0,0.0,0.0,4.05,4.578,3.729,4.289,6.929,6.215,5.137,4.955,R-32,Approved,,31/05/2023,
6E(ii),Rinnai,HSNRP80B,Non-Ducted,Single split system,,Class 9,8.3,7.8,3.54,3.635,4.059,4.557,3.659,4.197,8.314,7.021,5.479,5.207,0.0,0.0,0.0,0.0,0.0,0.0,0.0,0.0,R-32,Approved,,31/05/2023,
6D,Smart Lifestyle Australia,SLA-26-CHSD,Non-Ducted,Single split system,Wall Hung,Class 8,2.72,2.65,4.968,5.1,5.262,5.646,4.99,5.427,18.049,12.528,8.056,7.647,0.0,0.0,0.0,0.0,0.0,0.0,0.0,0.0,R-32,Approved,,31/05/2023,
6D,Smart Lifestyle Australia,SLA-28-CHSD,Non-Ducted,Single split system,Wall Hung,Class 8,2.65,2.8,5.108,5.542,4.948,5.317,4.755,5.161,11.898,9.848,6.593,6.533,0.0,0.0,0.0,0.0,0.0,0.0,0.0,0.0,R-32,Approved,,31/05/2023,
6D,Smart Lifestyle Australia,SLA-35-CHSD,Non-Ducted,Single split system,Wall Hung,Class 8,3.8,3.5,4.412,4.56,5.052,5.759,4.501,5.216,15.188,10.687,7.005,6.716,0.0,0.0,0.0,0.0,0.0,0.0,0.0,0.0,R-32,Approved,,31/05/2023,
6E(i),Smart Lifestyle Australia,SLA-52-CHSD,Non-Ducted,Single split system,Wall Hung,Class 9,5.2,5.2,3.669,4.273,4.063,4.435,3.843,4.276,8.748,7.149,5.234,5.05,0.0,0.0,0.0,0.0,0.0,0.0,0.0,0.0,R-32,Approved,,31/05/2023,
6E(ii),Smart Lifestyle Australia,SLA-72-CHSD,Non-Ducted,Single split system,Wall Hung,Class 9,7.2,7.2,3.756,4.193,4.055,4.547,3.735,4.297,7.37,6.444,5.205,5.013,0.0,0.0,0.0,0.0,0.0,0.0,0.0,0.0,R-32,Approved,,31/05/2023,
6E(ii),Smart Lifestyle Australia,SLA-82-CHSD,Non-Ducted,Single split system,Wall Hung,Class 9,8.5,8.2,3.536,3.665,4.14,4.693,3.756,4.376,7.06,6.26,5.165,4.926,0.0,0.0,0.0,0.0,0.0,0.0,0.0,0.0,R-32,Approved,,31/05/2023,
6F,Smart User,SMV-V180W/N1,Non-Ducted,Multiple split - variable refrigerant flow,Wall Hung,Class 20,19.0,15.5,4.285,5.238,5.139,5.6,4.914,5.447,6.619,6.205,5.568,5.369,0.0,0.0,0.0,0.0,0.0,0.0,0.0,0.0,R-410A,Approved,,31/05/2023,
6E(i),TCL,TAC-18CHSD/TPG11IT,Non-Ducted,Single split system,Wall Hung,Class 9,5.2,5.2,3.67,4.273,4.063,4.435,3.843,4.276,8.748,7.149,5.234,5.05,0.0,0.0,0.0,0.0,0.0,0.0,0.0,0.0,R-32,Approved,,31/05/2023,
6E(ii),TCL,TAC-24CHSD/TPG11IT,Non-Ducted,Single split system,Wall Hung,Class 9,7.2,7.2,3.756,4.194,4.055,4.547,3.735,4.297,7.37,6.444,5.205,5.013,0.0,0.0,0.0,0.0,0.0,0.0,0.0,0.0,R-32,Approved,,31/05/2023,
6E(ii),TCL,TAC-24CHSD/TPH11IT,Non-Ducted,Single split system,Wall Hung,Class 9,7.2,7.2,3.75,4.19,4.05,4.54,3.73,4.29,7.37,6.44,5.2,5.01,0.0,0.0,0.0,0.0,0.0,0.0,0.0,0.0,R-32,Pending Assessment,02/10/2023,,
6E(ii),TCL,TAC-28CHSD/TPG11IT,Non-Ducted,Single split system,Wall Hung,Class 9,8.5,8.2,3.536,3.666,4.14,4.693,3.756,4.376,7.06,6.26,5.165,4.926,0.0,0.0,0.0,0.0,0.0,0.0,0.0,0.0,R-32,Approved,,31/05/2023,
6E(ii),TCL,TAC-28CHSD/TPH11IT,Non-Ducted,Single split system,Wall Hung,Class 9,8.2,8.2,3.53,3.66,4.14,3.78,3.75,4.37,7.06,6.26,5.16,4.92,0.0,0.0,0.0,0.0,0.0,0.0,0.0,0.0,R-32,Pending Assessment,02/10/2023,,
6E(i),TCL,TAC-CHSD18/TPH11IT,Non-Ducted,Single split system,Wall Hung,Class 9,5.2,5.2,6.67,4.27,4.06,4.43,3.84,4.27,8.74,7.14,5.23,5.05,0.0,0.0,0.0,0.0,0.0,0.0,0.0,0.0,R-32,Pending Assessment,02/10/2023,,
6E(i),Toshiba,RAS-18E2AVSG-A/RAS-18E2KVSG-A,Non-Ducted,Single split system,Wall Hung,Class 9,5.8,5.0,3.836,4.133,4.413,4.943,4.022,4.581,6.363,5.922,5.389,5.125,0.0,0.0,0.0,0.0,0.0,0.0,0.0,0.0,R-32,Approved,,31/05/2023,
6E(i),Toshiba,RAS-22E2AVSG-A/RAS-22E2KVSG-A,Non-Ducted,Single split system,Wall Hung,Class 9,6.9,6.0,3.813,4.075,4.091,4.58,3.779,4.38,6.291,5.856,5.345,5.083,0.0,0.0,0.0,0.0,0.0,0.0,0.0,0.0,R-32,Approved,,31/05/2023,
6A,Toshiba,RAV-GP561ATP-A/RAV-GM561DTP-A,Ducted,Single split system,,Class 10,5.6,5.0,3.658,4.527,3.988,4.454,3.755,4.342,5.45,5.139,4.49,4.389,0.0,0.0,0.0,0.0,0.0,0.0,0.0,0.0,R-32,Approved,,31/05/2023,
